date,CL=F,BZ=F,NG=F,GC=F,SI=F,HG=F,ZC=F,ZW=F,ZS=F
2016-01-04,36.76,37.22,2.334,1075.1,13.817,2.0705,351.5,458.25,864.5
2016-01-05,35.97,36.42,2.325,1078.4,13.949,2.0885,353.0,461.25,867.75
2016-01-06,33.97,34.23,2.267,1091.9,13.957,2.0805,353.25,462.75,875.75
2016-01-07,33.27,33.75,2.382,1107.7,14.335,2.0155,353.0,468.5,877.0
2016-01-08,33.16,33.55,2.472,1097.8,13.908,2.0165,357.0,478.5,879.5
2016-01-11,31.41,31.55,2.396,1096.5,13.855,1.9675,351.75,469.0,881.0
2016-01-12,30.44,30.86,2.257,1085.6,13.74,1.953,356.75,481.25,890.75
2016-01-13,30.48,30.31,2.269,1087.5,14.145,1.9505,358.0,478.0,899.0
2016-01-14,31.2,31.03,2.139,1073.9,13.737,1.971,358.0,468.75,896.0
2016-01-15,29.42,31.01,2.1,1091.5,13.884,1.9395,363.25,473.75,879.0
2016-01-19,28.46,28.76,2.091,1089.9,14.11,1.9735,367.75,474.5,883.5
2016-01-20,26.55,27.88,2.118,1107.1,14.147,1.956,368.75,471.5,874.0
2016-01-21,29.53,29.25,2.138,1099.1,14.083,1.993,367.0,475.0,878.5
2016-01-22,32.19,32.18,2.139,1097.2,14.043,1.9985,370.25,475.5,876.5
2016-01-25,30.34,30.5,2.158,1106.2,14.24,1.9955,369.75,481.5,880.5
2016-01-26,31.45,31.8,2.18,1121.7,14.544,2.034,369.25,484.75,876.5
2016-01-27,32.3,33.1,2.189,1116.1,14.44,2.063,369.25,476.5,883.0
2016-01-28,33.22,33.89,2.182,1115.6,14.216,2.049,365.5,472.25,867.75
2016-01-29,33.62,34.74,2.298,1116.4,14.229,2.064,372.0,479.25,882.25
2016-02-01,31.62,34.69,2.152,1127.9,14.329,2.0515,371.25,475.25,880.75
2016-02-02,29.88,32.72,2.025,1127.3,14.276,2.052,372.5,475.25,886.25
2016-02-03,32.28,35.04,2.038,1141.3,14.72,2.092,371.0,480.0,876.75
2016-02-04,31.72,34.46,1.972,1157.6,14.836,2.128,368.5,472.75,874.5
2016-02-05,30.89,34.06,2.063,1157.8,14.764,2.1005,365.75,466.75,867.5
2016-02-08,29.69,32.88,2.14,1197.9,15.416,2.0885,362.25,458.5,862.5
2016-02-09,27.94,30.32,2.098,1198.7,15.444,2.0385,361.0,457.5,863.25
2016-02-10,27.45,30.84,2.046,1194.7,15.277,2.025,360.25,461.25,862.25
2016-02-11,26.21,30.06,1.994,1247.9,15.789,2.004,360.25,458.25,873.5
2016-02-12,29.44,33.36,1.966,1239.1,15.785,2.027,358.75,457.5,872.75
2016-02-16,29.04,32.18,1.903,1207.9,15.329,2.049,363.0,464.25,879.75
2016-02-17,30.66,34.5,1.942,1211.1,15.372,2.074,367.25,468.5,882.5
2016-02-18,30.77,34.28,1.852,1226.1,15.427,2.0715,365.5,462.25,879.75
2016-02-19,29.64,33.01,1.804,1230.4,15.368,2.0755,365.5,461.75,878.25
2016-02-22,31.48,34.69,1.821,1209.5,15.179,2.113,367.5,458.5,881.0
2016-02-23,31.87,33.27,1.782,1222.3,15.235,2.1045,362.0,448.0,869.25
2016-02-24,32.15,34.41,1.778,1238.7,15.292,2.095,359.75,442.75,867.5
2016-02-25,33.07,35.29,1.711,1238.2,15.165,2.065,355.5,445.25,859.0
2016-02-26,32.78,35.1,1.791,1219.8,14.689,2.118,354.5,443.25,855.0
2016-02-29,33.75,35.97,1.711,1233.9,14.896,2.1285,353.5,445.0,853.0
2016-03-01,34.4,35.96,1.742,1230.3,14.733,2.1415,353.75,438.5,850.75
2016-03-02,34.66,36.93,1.678,1241.1,15.003,2.1775,354.5,442.75,854.25
2016-03-03,34.57,37.07,1.639,1257.4,15.131,2.2045,353.75,453.25,856.25
2016-03-04,35.92,38.72,1.666,1269.9,15.681,2.271,354.5,454.75,870.5
2016-03-07,37.9,40.84,1.69,1263.2,15.623,2.2805,355.0,457.75,873.5
2016-03-08,36.5,39.65,1.712,1262.1,15.384,2.2185,358.75,461.25,877.5
2016-03-09,38.29,41.07,1.752,1256.6,15.355,2.23,359.0,463.75,880.0
2016-03-10,37.84,40.05,1.788,1272.0,15.546,2.2175,362.5,471.5,881.75
2016-03-11,38.5,40.39,1.822,1258.7,15.607,2.2385,366.0,469.75,888.0
2016-03-14,37.18,39.53,1.819,1244.4,15.518,2.237,366.75,471.5,888.0
2016-03-15,36.34,38.74,1.851,1230.4,15.255,2.231,368.5,477.25,892.0
2016-03-16,38.46,40.33,1.868,1229.3,15.214,2.2315,368.25,470.75,894.5
2016-03-17,40.2,41.54,1.936,1264.5,16.022,2.289,368.5,462.5,897.75
2016-03-18,39.44,41.2,1.907,1253.8,15.806,2.2795,367.0,463.0,897.5
2016-03-21,39.91,41.54,1.828,1243.8,15.841,2.2895,369.5,466.5,902.0
2016-03-22,41.45,41.79,1.863,1248.2,15.877,2.2845,370.0,466.75,910.25
2016-03-23,39.79,40.47,1.794,1223.7,15.263,2.2305,368.5,463.0,905.25
2016-03-24,39.46,40.44,1.806,1221.4,15.191,2.2245,370.0,463.0,910.5
2016-03-28,39.39,40.27,1.848,1219.9,15.194,2.2415,370.5,471.0,909.0
2016-03-29,38.28,39.14,1.903,1235.6,15.237,2.2085,373.0,476.75,916.0
2016-03-30,38.32,39.26,1.996,1226.9,15.206,2.187,367.0,464.0,909.0
2016-03-31,38.34,39.6,1.959,1234.2,15.46,2.1815,351.5,473.5,910.75
2016-04-01,36.79,39.66,1.956,1222.2,15.042,2.161,354.0,475.75,918.25
2016-04-04,35.7,37.69,1.998,1218.0,14.942,2.138,354.5,474.75,913.5
2016-04-05,35.89,37.87,1.954,1228.4,15.114,2.135,356.75,474.0,904.75
2016-04-06,37.75,39.84,1.911,1222.5,15.052,2.1405,358.0,463.0,908.0
2016-04-07,37.26,39.43,2.018,1236.2,15.156,2.0745,361.5,457.0,904.5
2016-04-08,39.72,41.94,1.99,1242.5,15.382,2.0865,362.25,460.25,916.75
2016-04-11,40.36,42.83,1.912,1256.7,15.974,2.0885,356.75,447.25,928.25
2016-04-12,42.17,44.69,2.004,1259.4,16.22,2.145,362.75,452.5,936.25
2016-04-13,41.76,44.18,2.036,1246.8,16.323,2.1675,373.5,461.5,955.75
2016-04-14,41.5,43.84,1.97,1225.0,16.169,2.171,374.0,459.75,948.0
2016-04-15,40.36,43.1,1.902,1233.1,16.309,2.152,378.5,459.75,956.0
2016-04-18,39.78,42.91,1.94,1233.6,16.249,2.164,381.0,472.75,954.25
2016-04-19,41.08,44.03,2.088,1253.0,16.968,2.223,384.5,486.25,985.5
2016-04-20,42.63,45.8,2.069,1253.2,17.131,2.242,394.75,504.25,1009.75
2016-04-21,43.18,44.53,2.068,1249.0,17.086,2.252,384.5,495.75,1018.75
2016-04-22,43.73,45.11,2.14,1228.7,16.896,2.269,371.75,467.0,987.0
2016-04-25,42.64,44.48,2.063,1238.9,17.005,2.2585,377.0,471.25,999.75
2016-04-26,44.04,45.74,2.032,1242.2,17.106,2.2485,382.25,479.75,1017.75
2016-04-27,45.33,47.18,1.995,1249.2,17.286,2.2205,380.75,474.25,1019.0
2016-04-28,46.03,48.14,2.078,1265.5,17.553,2.2245,387.0,475.5,1018.0
2016-04-29,45.92,48.13,2.178,1289.2,17.789,2.279,390.25,478.0,1021.0
2016-05-02,44.78,48.1,2.042,1294.7,17.656,2.2615,390.25,477.0,1035.5
2016-05-03,43.65,46.75,2.086,1290.7,17.474,2.2145,378.25,459.75,1021.5
2016-05-04,43.78,44.62,2.141,1273.3,17.277,2.183,373.25,460.5,1024.5
2016-05-05,44.32,45.01,2.076,1271.4,17.302,2.151,371.75,453.0,1003.5
2016-05-06,44.66,45.37,2.101,1292.9,17.507,2.151,376.0,453.25,1026.25
2016-05-09,43.44,43.63,2.098,1265.6,17.07,2.104,367.75,447.0,1018.75
2016-05-10,44.66,45.52,2.158,1263.9,17.075,2.09,378.5,451.5,1076.0
2016-05-11,46.23,47.6,2.173,1274.6,17.302,2.101,374.0,449.5,1069.75
2016-05-12,46.7,48.08,2.155,1270.3,17.087,2.073,385.25,458.5,1064.5
2016-05-13,46.21,47.83,2.096,1271.9,17.115,2.075,382.0,465.0,1055.0
2016-05-16,47.72,48.97,2.029,1273.4,17.142,2.091,394.0,474.75,1064.5
2016-05-17,48.31,49.28,2.048,1276.2,17.235,2.092,397.0,481.75,1080.25
2016-05-18,48.19,48.93,2.001,1273.7,17.12,2.0815,399.5,480.0,1075.25
2016-05-19,48.16,48.81,2.039,1254.2,16.479,2.063,390.0,468.75,1071.5
2016-05-20,47.75,48.72,2.062,1252.4,16.519,2.0585,394.5,467.75,1074.25
2016-05-23,48.08,48.35,2.055,1251.1,16.41,2.0575,397.75,462.0,1058.5
2016-05-24,48.62,48.61,1.98,1228.9,16.238,2.0695,397.5,464.0,1054.75
2016-05-25,49.56,49.74,1.992,1223.5,16.255,2.105,404.75,466.0,1085.5
2016-05-26,49.48,49.59,1.963,1220.1,16.338,2.1065,408.25,481.25,1079.75
2016-05-27,49.33,49.32,2.169,1213.8,16.246,2.114,412.75,481.5,1086.5
2016-05-31,49.1,49.69,2.288,1214.8,15.972,2.0975,404.75,464.5,1078.5
2016-06-01,49.01,49.71,2.381,1211.9,15.906,2.0725,413.75,473.75,1099.75
2016-06-02,49.17,50.04,2.405,1209.8,16.005,2.0695,415.25,485.5,1144.25
2016-06-03,48.62,49.64,2.398,1240.1,16.346,2.112,418.25,497.25,1132.0
2016-06-06,49.69,50.55,2.466,1244.6,16.428,2.117,427.25,507.5,1138.25
2016-06-07,50.36,51.44,2.474,1244.4,16.377,2.051,427.75,509.0,1141.25
2016-06-08,51.23,52.51,2.468,1259.8,16.968,2.0625,431.25,519.5,1177.75
2016-06-09,50.56,51.95,2.617,1270.2,17.253,2.04,426.5,510.25,1176.0
2016-06-10,49.07,50.54,2.556,1273.4,17.315,2.0315,423.0,495.0,1178.25
2016-06-13,48.88,50.35,2.585,1284.4,17.428,2.0575,430.0,491.25,1169.0
2016-06-14,48.49,49.83,2.604,1285.6,17.41,2.0445,436.5,485.0,1169.5
2016-06-15,48.01,48.97,2.595,1285.8,17.489,2.0935,429.0,477.5,1156.0
2016-06-16,46.21,47.19,2.58,1296.1,17.594,2.05,425.25,472.5,1134.5
2016-06-17,47.98,49.17,2.623,1292.5,17.4,2.0525,437.75,481.25,1159.5
2016-06-20,49.37,50.65,2.747,1290.0,17.503,2.0935,421.25,473.0,1143.5
2016-06-21,48.85,50.62,2.768,1270.5,17.311,2.1165,396.25,458.5,1133.25
2016-06-22,49.13,49.88,2.677,1268.0,17.305,2.1355,393.0,458.75,1137.5
2016-06-23,50.11,50.91,2.698,1261.2,17.348,2.1635,387.25,454.25,1124.5
2016-06-24,47.64,48.41,2.662,1320.0,17.785,2.112,384.5,454.75,1103.0
2016-06-27,46.33,47.16,2.716,1322.5,17.74,2.1265,385.25,446.75,1133.0
2016-06-28,47.85,48.58,2.917,1315.3,17.839,2.17,385.25,443.75,1150.5
2016-06-29,49.88,50.61,2.863,1323.9,18.362,2.1835,372.75,429.5,1144.5
2016-06-30,48.33,49.68,2.924,1318.4,18.582,2.1945,358.75,431.25,1175.0
2016-07-01,48.99,49.84,2.987,1336.7,19.544,2.215,353.0,416.25,1168.75
2016-07-05,46.6,47.96,2.764,1356.4,19.866,2.1815,344.0,419.5,1117.0
2016-07-06,47.43,48.8,2.786,1364.9,20.16,2.1515,335.75,415.75,1106.25
2016-07-07,45.14,46.4,2.777,1360.1,19.798,2.1225,335.5,412.0,1054.25
2016-07-08,45.41,46.76,2.801,1356.6,20.058,2.1185,349.75,420.75,1089.75
2016-07-11,44.76,46.25,2.702,1355.0,20.264,2.147,343.75,416.25,1082.75
2016-07-12,46.8,48.47,2.734,1334.1,20.13,2.211,349.75,424.0,1107.25
2016-07-13,44.75,46.26,2.737,1342.4,20.37,2.238,365.75,426.25,1128.0
2016-07-14,45.68,47.37,2.727,1331.3,20.281,2.241,362.25,421.75,1111.5
2016-07-15,45.95,47.61,2.756,1326.5,20.125,2.2305,352.25,424.75,1072.5
2016-07-18,45.24,46.96,2.722,1328.4,20.044,2.234,357.0,429.5,1078.25
2016-07-19,44.65,46.66,2.728,1331.5,19.975,2.2615,341.75,418.0,1044.0
2016-07-20,44.94,47.17,2.658,1318.8,19.582,2.252,337.5,413.0,1027.0
2016-07-21,44.75,46.2,2.692,1330.5,19.784,2.256,334.25,417.75,1032.5
2016-07-22,44.19,45.69,2.777,1323.1,19.657,2.234,335.0,425.25,1006.5
2016-07-25,43.13,44.72,2.747,1319.3,19.615,2.216,334.75,429.0,983.75
2016-07-26,42.92,44.87,2.712,1320.7,19.655,2.225,332.5,415.0,993.5
2016-07-27,41.92,43.47,2.672,1326.6,19.965,2.185,335.75,414.75,1010.5
2016-07-28,41.14,42.7,2.873,1332.3,20.16,2.206,331.25,410.25,1003.5
2016-07-29,41.6,42.46,2.876,1349.0,20.312,2.2205,334.5,407.75,1032.5
2016-08-01,40.06,42.45,2.771,1351.4,20.465,2.1965,325.75,406.0,996.0
2016-08-02,39.51,41.8,2.733,1364.4,20.666,2.2065,324.25,401.25,985.25
2016-08-03,40.83,43.1,2.839,1356.1,20.436,2.196,325.0,410.25,990.5
2016-08-04,41.93,44.29,2.834,1358.8,20.406,2.174,320.75,403.25,990.5
2016-08-05,41.8,44.27,2.772,1336.4,19.78,2.153,324.25,416.0,1003.75
2016-08-08,43.02,45.39,2.748,1333.4,19.768,2.164,325.25,417.0,1018.75
2016-08-09,42.77,44.98,2.615,1339.0,19.814,2.1495,322.25,417.0,1022.0
2016-08-10,41.71,44.05,2.561,1344.3,20.134,2.1705,322.5,421.75,1017.0
2016-08-11,43.49,46.04,2.551,1342.5,19.984,2.19,321.0,416.25,1022.25
2016-08-12,44.49,46.97,2.586,1335.8,19.672,2.1405,322.25,422.5,1003.25
2016-08-15,45.74,48.35,2.59,1340.3,19.821,2.1515,326.5,422.0,1023.75
2016-08-16,46.58,49.23,2.617,1350.5,19.848,2.172,327.5,423.5,1019.5
2016-08-17,46.79,49.85,2.619,1342.7,19.627,2.152,330.25,426.0,1030.5
2016-08-18,48.22,50.89,2.674,1351.2,19.72,2.167,332.0,427.0,1032.25
2016-08-19,48.52,50.88,2.584,1340.4,19.301,2.1665,334.25,427.0,1027.0
2016-08-22,47.05,49.16,2.679,1337.7,18.843,2.14,333.25,415.25,1035.25
2016-08-23,48.1,49.96,2.761,1340.6,18.91,2.115,328.5,407.75,1034.25
2016-08-24,46.77,49.05,2.796,1324.4,18.545,2.076,327.5,404.0,1030.75
2016-08-25,47.33,49.67,2.846,1320.1,18.478,2.0755,323.5,401.25,998.25
2016-08-26,47.64,49.92,2.871,1321.5,18.645,2.075,316.25,383.5,990.75
2016-08-29,46.98,49.26,2.853,1322.9,18.762,2.0725,311.75,370.5,983.25
2016-08-30,46.35,48.37,2.827,1311.7,18.577,2.069,304.0,363.25,965.5
2016-08-31,44.7,47.04,2.887,1306.9,18.622,2.0695,301.5,361.0,960.0
2016-09-01,43.16,47.05,2.792,1312.2,18.857,2.0685,311.0,368.25,959.0
2016-09-02,44.44,46.83,2.792,1322.1,19.276,2.0715,316.5,373.25,968.5
2016-09-06,44.83,47.26,2.717,1349.4,20.049,2.084,316.75,371.0,974.25
2016-09-07,45.5,47.98,2.676,1344.3,19.759,2.093,321.0,375.25,991.75
2016-09-08,47.62,49.99,2.806,1336.8,19.591,2.096,327.0,377.0,992.0
2016-09-09,45.88,48.01,2.797,1330.1,19.282,2.0885,330.0,376.0,997.25
2016-09-12,46.29,48.32,2.915,1321.0,18.915,2.096,329.25,383.25,984.5
2016-09-13,44.9,47.1,2.909,1319.0,18.89,2.0955,319.25,374.75,968.25
2016-09-14,43.58,45.85,2.889,1321.5,18.982,2.148,322.25,376.75,972.0
2016-09-15,43.91,46.59,2.927,1313.5,18.959,2.152,330.0,399.5,950.5
2016-09-16,43.03,45.77,2.948,1305.8,18.781,2.1515,337.0,403.25,966.0
2016-09-19,43.3,45.95,2.934,1313.5,19.206,2.149,337.25,404.0,972.5
2016-09-20,43.44,45.88,3.047,1313.7,19.195,2.1555,340.5,406.0,989.75
2016-09-21,45.34,46.83,3.057,1326.9,19.686,2.145,340.0,407.75,975.5
2016-09-22,46.32,47.65,2.99,1340.4,20.02,2.1875,336.75,405.5,976.5
2016-09-23,44.48,45.89,2.955,1337.2,19.733,2.1925,336.5,404.75,955.0
2016-09-26,45.93,47.35,2.997,1339.7,19.516,2.19,329.0,396.0,945.25
2016-09-27,44.67,45.97,2.996,1325.9,19.087,2.1615,331.75,404.0,952.5
2016-09-28,47.05,48.69,2.952,1319.4,19.044,2.1795,329.25,403.25,945.5
2016-09-29,47.83,49.24,2.959,1321.7,19.115,2.181,329.25,399.0,950.25
2016-09-30,48.24,49.06,2.906,1313.3,19.139,2.202,336.75,402.0,954.0
2016-10-03,48.81,49.1,2.923,1309.0,18.795,2.1835,346.0,395.5,973.0
2016-10-04,48.69,50.87,2.964,1266.3,17.713,2.1585,348.25,395.5,963.5
2016-10-05,49.83,51.86,3.041,1265.2,17.634,2.156,347.75,405.0,956.75
2016-10-06,50.44,52.51,3.049,1249.8,17.288,2.148,340.5,395.75,958.5
2016-10-07,49.81,51.93,3.193,1248.9,17.324,2.1565,339.75,394.75,956.75
2016-10-11,50.79,52.41,3.237,1253.0,17.456,2.1785,345.5,407.25,954.25
2016-10-12,50.18,51.81,3.21,1251.1,17.455,2.1695,337.0,396.75,945.5
2016-10-13,50.44,52.03,3.341,1255.0,17.41,2.115,349.5,416.0,956.25
2016-10-14,50.35,51.95,3.285,1253.1,17.393,2.1035,354.25,421.0,962.5
2016-10-17,49.94,51.52,3.244,1254.4,17.426,2.0995,354.0,423.75,978.25
2016-10-18,50.29,51.68,3.263,1260.8,17.591,2.098,353.75,420.0,972.5
2016-10-19,51.6,52.67,3.17,1267.9,17.616,2.097,357.5,420.25,981.5
2016-10-20,50.43,51.38,3.141,1265.6,17.502,2.0905,351.0,417.0,975.5
2016-10-21,50.85,51.78,2.993,1265.9,17.448,2.0835,352.5,414.5,983.0
2016-10-24,50.52,51.46,2.831,1262.0,17.562,2.0875,348.25,402.5,992.0
2016-10-25,49.96,50.79,2.774,1271.9,17.736,2.1325,349.25,404.25,990.75
2016-10-26,49.18,49.98,2.731,1264.8,17.585,2.1395,354.0,411.5,1010.0
2016-10-27,49.72,50.47,2.764,1267.9,17.604,2.1655,357.5,414.5,1014.25
2016-10-28,48.7,49.71,3.105,1275.5,17.762,2.1885,355.0,408.5,1001.25
2016-10-31,46.86,48.3,3.026,1271.5,17.762,2.2005,354.75,416.25,1002.25
2016-11-01,46.67,48.33,2.902,1286.4,18.385,2.2245,349.0,414.25,984.25
2016-11-02,45.34,46.86,2.792,1306.8,18.66,2.226,346.25,417.75,976.75
2016-11-03,44.66,46.35,2.769,1302.1,18.383,2.2445,348.0,412.0,979.75
2016-11-04,44.07,45.58,2.767,1303.3,18.342,2.261,348.75,414.25,981.5
2016-11-07,44.89,46.15,2.816,1278.3,18.124,2.3065,346.25,410.0,989.25
2016-11-08,44.98,46.04,2.633,1273.4,18.33,2.379,354.25,415.25,1001.75
2016-11-09,45.27,46.36,2.69,1272.6,18.357,2.459,340.75,406.75,982.0
2016-11-10,44.66,45.84,2.632,1265.5,18.716,2.5495,343.5,404.75,989.0
2016-11-14,43.32,44.43,2.749,1221.2,16.877,2.5185,337.25,394.0,971.0
2016-11-15,45.81,46.95,2.709,1224.0,17.029,2.502,341.5,399.0,989.5
2016-11-16,45.57,46.63,2.764,1223.4,16.914,2.465,338.5,397.0,985.75
2016-11-17,45.42,46.49,2.703,1216.5,16.761,2.4875,342.0,403.0,989.5
2016-11-18,45.69,46.86,2.843,1208.5,16.613,2.464,345.5,408.0,993.75
2016-11-21,47.49,48.9,2.95,1209.6,16.512,2.5125,349.75,410.25,1020.25
2016-11-22,48.03,49.12,2.982,1211.0,16.623,2.5425,351.0,407.25,1030.0
2016-11-23,47.96,48.95,3.026,1189.1,16.383,2.606,350.75,401.5,1034.25
2016-11-25,46.06,47.24,3.085,1178.2,16.464,2.667,349.25,395.75,1046.0
2016-11-28,47.08,48.24,3.232,1190.6,16.578,2.656,348.5,389.5,1056.0
2016-11-29,45.23,46.38,3.315,1187.9,16.661,2.595,336.75,384.0,1042.5
2016-11-30,49.44,50.47,3.352,1170.8,16.406,2.6215,336.75,380.5,1032.25
2016-12-01,51.06,50.46,3.505,1166.9,16.427,2.6315,331.75,371.5,1029.75
2016-12-02,51.68,54.46,3.436,1175.1,16.753,2.615,337.5,387.5,1027.5
2016-12-05,51.79,54.94,3.654,1174.0,16.824,2.689,349.5,389.25,1043.5
2016-12-06,50.93,53.93,3.635,1167.6,16.74,2.672,351.0,389.5,1047.75
2016-12-07,49.77,53.0,3.603,1175.0,17.203,2.637,350.5,386.25,1049.0
2016-12-08,50.84,53.89,3.695,1169.8,17.025,2.62,346.5,390.75,1027.0
2016-12-09,51.5,54.33,3.746,1159.4,16.897,2.642,352.5,400.25,1037.5
2016-12-12,52.83,55.69,3.507,1163.5,17.116,2.613,354.5,401.25,1031.0
2016-12-13,52.98,55.72,3.474,1156.7,16.911,2.593,356.25,398.0,1028.0
2016-12-14,51.04,53.9,3.54,1161.3,17.152,2.6,351.75,391.5,1023.75
2016-12-15,50.9,54.02,3.434,1127.8,15.897,2.596,356.5,409.25,1029.0
2016-12-16,51.9,55.21,3.415,1135.3,16.153,2.561,356.25,409.25,1036.75
2016-12-19,52.12,54.92,3.392,1140.5,16.026,2.4965,353.25,405.0,1021.5
2016-12-20,52.23,55.35,3.263,1131.5,16.054,2.4995,350.25,403.25,1005.25
2016-12-21,52.49,54.46,3.542,1131.1,15.918,2.4915,347.25,399.5,1006.75
2016-12-22,52.95,55.05,3.538,1128.8,15.815,2.4945,347.25,397.0,994.5
2016-12-23,53.02,55.16,3.662,1131.9,15.704,2.4725,345.75,393.5,989.0
2016-12-27,53.9,56.09,3.761,1137.3,15.929,2.508,355.0,409.5,1014.75
2016-12-28,54.06,56.22,3.93,1139.4,15.988,2.495,348.25,401.5,1006.75
2016-12-29,53.77,56.14,3.802,1156.4,16.163,2.479,349.75,404.75,1003.25
2016-12-30,53.72,56.13,3.724,1150.0,15.936,2.4975,352.0,408.0,996.5
2017-01-03,52.33,55.47,3.327,1160.4,16.356,2.481,355.75,406.5,986.75
2017-01-04,53.26,56.46,3.267,1163.8,16.499,2.548,359.75,418.5,1006.25
2017-01-05,53.76,56.89,3.273,1179.7,16.584,2.5295,361.25,426.25,1003.5
2017-01-06,53.99,57.1,3.285,1171.9,16.466,2.538,358.0,423.25,986.0
2017-01-09,51.96,54.94,3.103,1183.5,16.63,2.53,360.0,427.25,996.5
2017-01-10,50.82,53.64,3.278,1184.2,16.803,2.6035,358.25,426.75,1005.5
2017-01-11,52.25,55.1,3.224,1195.6,16.783,2.601,357.25,418.75,1003.0
2017-01-12,53.01,56.01,3.386,1198.9,16.78,2.6605,358.25,426.25,1032.0
2017-01-13,52.37,55.45,3.419,1195.3,16.72,2.6805,358.5,426.0,1042.5
2017-01-17,52.48,55.47,3.412,1212.0,17.102,2.6165,365.5,433.5,1069.25
2017-01-18,51.08,53.92,3.302,1211.3,17.235,2.608,365.0,431.0,1075.0
2017-01-19,51.37,54.16,3.368,1200.9,16.967,2.6015,366.25,423.5,1070.25
2017-01-20,52.42,55.49,3.204,1204.3,16.997,2.617,369.75,428.25,1067.5
2017-01-23,52.75,55.23,3.243,1215.0,17.15,2.6395,369.5,433.25,1057.75
2017-01-24,53.18,55.44,3.279,1210.3,17.149,2.7005,363.25,426.75,1058.5
2017-01-25,52.75,55.08,3.332,1197.3,16.944,2.7025,366.25,424.5,1055.25
2017-01-26,53.78,56.24,3.382,1189.5,16.814,2.666,363.75,427.0,1049.5
2017-01-27,53.17,55.52,3.391,1188.1,17.1,2.68,362.5,420.5,1049.25
2017-01-30,52.63,55.23,3.232,1193.2,17.122,2.6475,357.75,414.0,1022.75
2017-01-31,52.81,55.7,3.117,1208.6,17.512,2.7215,359.75,420.75,1024.5
2017-02-01,53.88,55.66,3.168,1205.6,17.42,2.7045,368.25,433.75,1036.75
2017-02-02,53.54,56.56,3.187,1216.7,17.402,2.678,367.5,434.5,1037.25
2017-02-03,53.83,56.81,3.063,1218.5,17.453,2.6095,365.25,430.25,1027.0
2017-02-06,53.01,55.72,3.05,1230.0,17.667,2.6455,363.75,422.5,1036.0
2017-02-07,52.17,55.05,3.13,1234.2,17.733,2.626,368.5,430.75,1042.75
2017-02-08,52.34,55.12,3.126,1237.6,17.683,2.6605,370.75,432.5,1058.75
2017-02-09,53.0,55.63,3.141,1235.1,17.72,2.648,369.5,443.5,1050.5
2017-02-10,53.86,56.7,3.034,1234.4,17.912,2.762,374.5,449.0,1059.0
2017-02-13,52.93,55.59,2.944,1224.4,17.804,2.7765,375.5,452.25,1054.25
2017-02-14,53.2,55.97,2.905,1223.9,17.872,2.731,374.25,449.5,1045.0
2017-02-15,53.11,55.75,2.925,1231.7,17.947,2.736,378.75,454.75,1061.25
2017-02-16,53.36,55.65,2.854,1240.0,18.063,2.716,373.5,447.75,1043.75
2017-02-17,53.4,55.81,2.834,1237.6,18.019,2.7055,368.25,441.0,1032.5
2017-02-21,54.06,56.66,2.564,1237.5,17.99,2.7455,369.25,436.0,1026.25
2017-02-22,53.59,55.84,2.592,1232.0,17.942,2.7325,371.0,441.25,1022.75
2017-02-23,54.45,56.58,2.617,1250.2,18.113,2.6425,365.5,438.0,1011.5
2017-02-24,53.99,55.99,2.627,1256.9,18.335,2.68,364.0,431.25,1013.5
2017-02-27,54.05,55.93,2.693,1257.4,18.354,2.6875,360.25,418.75,1011.0
2017-02-28,54.01,55.59,2.774,1252.6,18.42,2.704,366.75,424.75,1025.0
2017-03-01,53.83,55.6,2.799,1248.9,18.443,2.7265,375.75,435.5,1041.25
2017-03-02,52.61,55.08,2.804,1231.9,17.705,2.6795,372.75,432.0,1026.75
2017-03-03,53.33,55.9,2.827,1225.5,17.697,2.687,374.75,433.75,1027.0
2017-03-06,53.2,56.01,2.901,1224.5,17.725,2.643,372.75,438.25,1026.75
2017-03-07,53.14,55.92,2.824,1215.1,17.492,2.6095,369.5,436.0,1014.75
2017-03-08,50.28,53.11,2.901,1208.5,17.257,2.592,365.25,427.5,1011.0
2017-03-09,49.28,52.19,2.974,1202.4,16.993,2.57,359.75,426.0,1000.25
2017-03-10,48.49,51.37,3.008,1200.7,16.883,2.5865,358.0,422.75,996.25
2017-03-13,48.4,51.35,3.043,1202.4,16.935,2.6165,354.5,412.25,996.25
2017-03-14,47.72,50.92,2.938,1201.9,16.888,2.624,353.75,412.0,987.25
2017-03-15,48.86,51.81,2.981,1200.1,16.888,2.6455,363.5,436.0,998.0
2017-03-16,48.75,51.74,2.902,1226.5,17.296,2.6655,366.0,436.0,1001.5
2017-03-17,48.78,51.76,2.948,1229.8,17.379,2.6795,367.5,436.25,1000.0
2017-03-20,48.22,51.62,3.041,1233.6,17.403,2.6555,363.5,430.25,999.5
2017-03-21,47.34,50.96,3.093,1246.1,17.55,2.61,361.25,426.5,1001.5
2017-03-22,48.04,50.64,3.011,1249.3,17.545,2.622,358.75,422.25,999.75
2017-03-23,47.7,50.56,3.051,1246.9,17.563,2.6365,356.75,421.0,991.0
2017-03-24,47.97,50.8,3.076,1248.2,17.72,2.6235,356.25,424.75,975.75
2017-03-27,47.73,50.75,3.052,1255.4,18.08,2.625,355.75,420.75,971.5
2017-03-28,48.37,51.33,3.096,1255.3,18.225,2.669,357.75,424.5,972.0
2017-03-29,49.51,52.42,3.175,1253.4,18.228,2.67,358.5,425.5,969.0
2017-03-30,50.35,52.96,3.191,1245.0,18.185,2.665,357.5,421.0,963.0
2017-03-31,50.6,52.83,3.19,1247.3,18.235,2.6465,364.25,426.5,946.0
2017-04-03,50.24,53.12,3.128,1250.8,18.191,2.5975,367.75,427.75,938.25
2017-04-04,51.03,54.17,3.293,1255.0,18.302,2.606,363.0,427.0,937.75
2017-04-05,51.15,54.36,3.266,1245.4,18.166,2.6755,364.75,429.75,944.25
2017-04-06,51.7,54.89,3.331,1250.3,18.225,2.6555,360.75,423.25,941.5
2017-04-07,52.24,55.24,3.261,1254.3,18.13,2.645,359.5,424.0,942.0
2017-04-10,53.08,55.98,3.238,1251.1,17.894,2.602,367.0,428.75,941.75
2017-04-11,53.4,56.23,3.15,1271.2,18.233,2.606,366.5,433.25,939.25
2017-04-12,53.11,55.86,3.187,1275.3,18.279,2.544,369.0,433.25,947.75
2017-04-13,53.18,55.89,3.227,1285.9,18.489,2.5695,371.0,429.75,955.5
2017-04-17,52.65,55.36,3.163,1289.4,18.493,2.595,366.5,421.0,953.25
2017-04-18,52.41,54.89,3.145,1291.7,18.251,2.529,361.75,422.5,946.0
2017-04-19,50.44,52.93,3.185,1281.4,18.136,2.5335,361.75,419.0,950.25
2017-04-20,50.27,52.99,3.159,1281.9,17.992,2.541,357.75,406.25,946.75
2017-04-21,49.62,51.96,3.101,1287.4,17.83,2.5365,357.0,405.0,951.0
2017-04-24,49.23,51.6,3.066,1275.8,17.848,2.5535,359.25,402.5,961.25
2017-04-25,49.56,52.1,3.043,1265.6,17.581,2.582,365.0,408.75,954.5
2017-04-26,49.62,51.82,3.142,1262.1,17.353,2.591,359.0,407.75,945.75
2017-04-27,48.97,51.44,3.239,1263.7,17.265,2.58,362.0,413.5,945.75
2017-04-28,49.33,51.73,3.276,1266.1,17.191,2.5965,358.0,418.5,945.25
2017-05-01,48.84,51.52,3.215,1253.3,16.78,2.65,369.25,442.75,959.0
2017-05-02,47.66,50.46,3.195,1255.1,16.769,2.625,364.0,441.5,958.0
2017-05-03,47.82,50.79,3.228,1246.4,16.487,2.533,366.25,443.0,965.5
2017-05-04,45.52,48.38,3.186,1226.5,16.244,2.502,358.0,426.0,965.25
2017-05-05,46.22,49.1,3.266,1224.8,16.215,2.5195,361.75,427.5,963.0
2017-05-08,46.43,49.34,3.172,1225.3,16.199,2.4855,356.75,418.0,956.25
2017-05-09,45.88,48.73,3.227,1214.3,16.008,2.49,358.25,421.75,965.25
2017-05-10,47.33,50.22,3.292,1217.3,16.151,2.487,365.25,424.0,961.75
2017-05-11,47.83,50.77,3.376,1222.7,16.209,2.501,360.5,426.0,956.0
2017-05-12,47.84,50.84,3.424,1226.2,16.346,2.518,361.75,425.0,954.0
2017-05-15,48.85,51.82,3.349,1228.6,16.561,2.533,367.75,423.25,965.25
2017-05-16,48.66,51.65,3.23,1235.0,16.693,2.5445,367.75,424.25,976.25
2017-05-17,49.07,52.21,3.192,1257.5,16.852,2.5425,371.5,427.0,975.75
2017-05-18,49.35,52.51,3.182,1251.7,16.621,2.5265,366.0,425.75,944.75
2017-05-19,50.33,53.61,3.256,1252.7,16.75,2.574,372.5,435.25,953.0
2017-05-22,50.73,53.87,3.33,1260.7,17.143,2.589,375.0,434.25,956.5
2017-05-23,51.47,54.15,3.219,1254.8,17.091,2.5905,369.5,429.5,948.25
2017-05-24,51.36,53.96,3.209,1252.4,17.077,2.578,371.25,432.5,948.25
2017-05-25,48.9,51.46,3.184,1255.8,17.152,2.592,369.25,430.75,939.5
2017-05-26,49.8,52.15,3.236,1267.6,17.283,2.5595,374.25,438.25,926.5
2017-05-30,49.66,51.84,3.145,1262.1,17.388,2.561,367.0,429.5,912.75
2017-05-31,48.32,50.31,3.071,1272.0,17.368,2.577,372.0,429.25,916.0
2017-06-01,48.36,50.33,3.008,1267.0,17.243,2.5845,370.5,429.0,912.25
2017-06-02,47.66,49.95,2.999,1276.8,17.487,2.5715,372.75,429.5,921.25
2017-06-05,47.4,49.47,2.982,1279.3,17.547,2.5545,373.0,429.5,922.0
2017-06-06,48.19,50.12,3.042,1294.4,17.677,2.5445,377.25,435.75,923.5
2017-06-07,45.72,48.06,3.02,1290.1,17.587,2.549,384.75,444.75,930.75
2017-06-08,45.64,47.86,3.028,1276.3,17.384,2.607,385.75,449.25,938.0
2017-06-09,45.83,48.15,3.039,1268.5,17.193,2.646,387.75,445.75,941.5
2017-06-12,46.08,48.29,3.024,1266.1,16.914,2.6125,377.25,434.0,931.25
2017-06-13,46.46,48.72,2.966,1265.8,16.738,2.593,381.0,445.0,932.5
2017-06-14,44.73,47.0,2.933,1272.8,17.107,2.5705,377.0,443.0,931.75
2017-06-15,44.46,46.92,3.056,1252.2,16.691,2.564,379.5,453.75,934.75
2017-06-16,44.74,47.37,3.037,1254.0,16.636,2.5625,384.0,465.25,939.0
2017-06-19,44.2,46.91,2.894,1244.2,16.483,2.5895,375.25,467.0,937.75
2017-06-20,43.23,46.02,2.907,1241.0,16.398,2.555,370.0,472.5,927.75
2017-06-21,42.53,44.82,2.893,1243.4,16.355,2.602,368.75,464.5,918.75
2017-06-22,42.74,45.22,2.894,1247.6,16.49,2.598,362.75,461.25,904.0
2017-06-23,43.01,45.54,2.929,1256.2,16.628,2.623,357.75,459.75,904.5
2017-06-26,43.38,45.83,3.027,1246.3,16.56,2.625,359.0,450.0,906.75
2017-06-27,44.24,46.65,3.037,1246.4,16.576,2.6465,359.25,453.25,911.25
2017-06-28,44.74,47.31,3.067,1248.0,16.715,2.662,356.75,457.25,914.0
2017-06-29,44.93,47.42,3.042,1244.2,16.586,2.683,359.75,480.25,915.5
2017-06-30,46.04,47.92,3.035,1240.7,16.568,2.699,370.5,511.0,942.25
2017-07-03,47.07,49.68,2.951,1217.9,16.037,2.681,378.0,536.75,964.75
2017-07-05,45.13,47.79,2.84,1220.4,15.842,2.649,381.75,539.25,976.25
2017-07-06,45.52,48.11,2.888,1222.2,15.927,2.6515,380.25,519.0,980.75
2017-07-07,44.23,46.71,2.864,1208.6,15.371,2.6375,382.25,515.25,996.0
2017-07-10,44.4,46.88,2.929,1212.1,15.577,2.6395,391.75,530.5,1020.25
2017-07-11,45.04,47.52,3.047,1213.6,15.697,2.6645,392.25,535.5,1025.25
2017-07-12,45.49,47.74,2.985,1218.1,15.839,2.677,376.25,522.5,1016.75
2017-07-13,46.08,48.42,2.961,1216.3,15.642,2.6545,361.0,495.5,972.5
2017-07-14,46.54,48.91,2.98,1226.6,15.884,2.684,365.25,494.75,985.25
2017-07-17,46.02,48.42,3.02,1232.8,16.05,2.717,375.0,506.0,985.0
2017-07-18,46.4,48.84,3.088,1241.1,16.222,2.7235,377.0,503.75,989.5
2017-07-19,47.12,49.7,3.066,1241.2,16.251,2.703,382.5,503.0,999.75
2017-07-20,46.79,49.3,3.043,1244.8,16.299,2.7085,391.0,505.75,1013.25
2017-07-21,45.77,48.06,2.97,1254.3,16.41,2.715,379.75,499.25,1009.0
2017-07-24,46.34,48.6,2.899,1253.9,16.398,2.729,377.25,488.75,997.5
2017-07-25,47.89,50.2,2.944,1251.7,16.497,2.8405,368.75,474.0,981.5
2017-07-26,48.75,50.97,2.924,1249.0,16.415,2.869,372.75,477.75,988.75
2017-07-27,49.04,51.49,2.969,1259.6,16.529,2.874,374.25,479.75,994.75
2017-07-28,49.71,52.52,2.941,1268.4,16.664,2.8705,374.25,481.0,1000.75
2017-07-31,50.17,52.65,2.794,1266.6,16.75,2.888,370.75,474.5,994.5
2017-08-01,49.16,52.63,2.819,1272.6,16.728,2.879,362.5,461.25,959.5
2017-08-02,49.59,52.36,2.811,1271.8,16.697,2.8825,365.0,460.75,966.5
2017-08-03,49.03,52.01,2.8,1267.8,16.594,2.877,363.5,457.75,950.5
2017-08-04,49.58,52.42,2.774,1258.3,16.222,2.885,366.5,454.75,949.25
2017-08-07,49.39,52.37,2.801,1258.2,16.221,2.908,372.25,463.5,959.75
2017-08-08,49.17,52.14,2.822,1256.4,16.36,2.9425,369.75,457.0,963.0
2017-08-09,49.56,52.7,2.883,1273.0,16.834,2.93,372.25,459.5,963.0
2017-08-10,48.59,51.9,2.985,1283.7,17.036,2.906,357.25,440.5,930.75
2017-08-11,48.82,52.1,2.983,1287.7,17.041,2.914,360.75,439.25,935.5
2017-08-14,47.59,50.73,2.959,1284.2,17.093,2.9065,362.75,441.0,925.5
2017-08-15,47.55,50.8,2.935,1273.7,16.69,2.8845,355.25,429.5,921.75
2017-08-16,46.78,50.27,2.89,1276.9,16.917,2.9545,352.5,419.25,921.75
2017-08-17,47.09,51.03,2.929,1286.4,17.03,2.938,350.5,414.0,930.25
2017-08-18,48.51,52.72,2.893,1285.7,16.98,2.9405,352.0,416.0,937.5
2017-08-21,47.37,51.66,2.962,1290.8,16.995,2.981,349.0,409.5,932.5
2017-08-22,47.64,51.87,2.939,1285.1,16.962,2.9865,346.0,402.25,933.75
2017-08-23,48.41,52.57,2.928,1288.9,17.032,2.9805,342.0,403.25,935.0
2017-08-24,47.43,52.04,2.949,1286.5,16.952,3.0335,342.0,409.0,941.25
2017-08-25,47.87,52.41,2.892,1292.5,17.038,3.033,338.75,409.5,939.0
2017-08-28,46.57,51.89,2.925,1309.7,17.431,3.065,336.0,400.0,935.25
2017-08-29,46.44,52.0,2.961,1313.1,17.422,3.081,333.5,402.75,930.75
2017-08-30,45.96,50.86,2.939,1308.1,17.404,3.0645,329.5,403.5,923.0
2017-08-31,47.23,52.38,3.04,1316.2,17.48,3.079,342.25,410.25,936.25
2017-09-01,47.29,52.32,3.07,1324.5,17.719,3.098,340.0,420.5,942.0
2017-09-05,48.66,53.38,2.972,1339.2,17.845,3.1075,344.25,430.5,960.5
2017-09-06,49.16,54.2,3.0,1333.9,17.816,3.1315,347.0,421.75,964.5
2017-09-07,49.09,54.49,2.981,1345.1,18.016,3.123,341.75,413.5,963.25
2017-09-08,47.48,53.78,2.89,1346.0,18.027,3.0215,344.25,413.75,956.5
2017-09-11,48.07,53.84,2.95,1331.0,17.807,3.046,345.5,412.25,954.75
2017-09-12,48.23,54.27,3.001,1328.0,17.795,3.0155,340.0,419.5,944.25
2017-09-13,49.3,55.16,3.058,1323.4,17.772,2.961,338.5,420.75,953.0
2017-09-14,49.89,55.47,3.07,1324.7,17.698,2.9365,341.75,428.25,967.25
2017-09-15,49.89,55.62,3.024,1320.4,17.611,2.928,354.75,449.0,968.75
2017-09-18,49.91,55.48,3.146,1306.3,17.071,2.949,351.5,443.5,967.75
2017-09-19,49.48,55.14,3.122,1306.2,17.195,2.9495,348.25,443.0,965.5
2017-09-20,50.41,56.29,3.094,1312.0,17.251,2.9495,350.0,449.75,970.0
2017-09-21,50.55,56.43,2.946,1290.6,16.937,2.914,350.25,452.5,970.75
2017-09-22,50.66,56.86,2.959,1293.3,16.903,2.9245,353.5,449.5,984.25
2017-09-25,52.22,59.02,2.919,1306.8,17.059,2.9175,353.75,454.0,971.25
2017-09-26,51.88,58.44,2.918,1297.0,16.804,2.8975,352.25,453.75,963.5
2017-09-27,52.14,57.9,2.974,1283.4,16.748,2.911,354.0,461.5,965.5
2017-09-28,51.56,57.41,3.017,1285.5,16.773,2.9625,352.5,455.0,959.5
2017-09-29,51.67,57.54,3.007,1281.5,16.607,2.9375,355.25,448.25,968.25
2017-10-02,50.58,56.12,2.916,1272.7,16.585,2.9395,351.5,444.75,957.25
2017-10-03,50.42,56.0,2.895,1271.5,16.581,2.9485,349.5,448.0,955.25
2017-10-04,49.98,55.8,2.94,1273.7,16.563,2.9445,348.25,442.0,958.25
2017-10-05,50.79,57.0,2.923,1269.9,16.582,3.0315,349.5,440.75,968.25
2017-10-06,49.29,55.62,2.863,1271.6,16.734,3.0145,350.0,443.5,972.25
2017-10-09,49.58,55.79,2.833,1281.8,16.916,3.017,349.5,436.0,966.75
2017-10-10,50.92,56.61,2.891,1290.6,17.155,3.0455,349.25,435.25,966.0
2017-10-11,51.3,56.94,2.889,1285.8,17.081,3.08,346.0,433.25,965.25
2017-10-12,50.6,56.25,2.989,1293.3,17.211,3.104,349.0,430.5,992.0
2017-10-13,51.45,57.17,3.0,1301.5,17.355,3.1185,352.75,439.5,1000.25
2017-10-16,51.87,57.82,2.946,1299.9,17.315,3.224,350.5,436.5,991.0
2017-10-17,51.88,57.88,2.962,1283.0,16.987,3.1805,350.0,434.75,984.75
2017-10-18,52.04,58.15,2.854,1279.9,16.943,3.1635,348.5,430.0,984.25
2017-10-19,51.29,57.23,2.873,1286.9,17.201,3.153,349.0,432.75,986.5
2017-10-20,51.47,57.75,2.915,1277.4,17.022,3.1515,344.5,426.0,978.75
2017-10-23,51.9,57.37,2.991,1277.7,17.024,3.174,351.25,436.75,980.75
2017-10-24,52.47,58.33,2.974,1275.0,16.907,3.1865,352.75,438.0,975.5
2017-10-25,52.18,58.44,2.919,1275.4,16.868,3.1715,351.0,435.5,975.5
2017-10-26,52.64,59.3,2.89,1266.3,16.764,3.1675,350.5,431.75,971.25
2017-10-27,53.9,60.44,2.752,1268.5,16.702,3.0935,348.75,427.25,975.25
2017-10-30,54.15,60.9,2.966,1274.1,16.802,3.102,348.75,424.75,972.75
2017-10-31,54.38,61.37,2.896,1267.0,16.645,3.092,345.75,418.5,973.75
2017-11-01,54.3,61.29,2.893,1274.1,17.132,3.133,348.25,418.0,981.0
2017-11-02,54.54,60.62,2.935,1274.9,17.094,3.1355,350.5,426.0,989.0
2017-11-03,55.64,62.07,2.984,1266.5,16.794,3.1105,348.25,425.75,977.0
2017-11-06,57.35,64.27,3.134,1279.4,17.195,3.1505,348.0,430.75,984.0
2017-11-07,57.2,63.69,3.152,1273.7,16.905,3.0825,347.75,427.25,986.0
2017-11-08,56.81,63.49,3.175,1281.6,17.106,3.093,348.25,426.75,988.0
2017-11-09,57.17,63.93,3.2,1285.6,16.943,3.08,341.5,429.0,975.25
2017-11-10,56.74,63.52,3.213,1272.4,16.844,3.0695,343.5,431.5,977.25
2017-11-13,56.76,63.16,3.167,1277.3,17.023,3.1115,342.25,424.25,963.5
2017-11-14,55.7,62.21,3.102,1281.5,17.052,3.06,337.5,428.0,959.0
2017-11-15,55.33,61.87,3.08,1276.5,16.95,3.049,338.25,420.0,976.25
2017-11-16,55.14,61.36,3.053,1277.4,17.056,3.0435,336.5,421.5,972.0
2017-11-17,56.55,62.72,3.097,1295.8,17.358,3.0625,343.0,427.25,990.5
2017-11-20,56.09,62.22,3.047,1274.6,16.827,3.0905,345.0,422.0,990.0
2017-11-21,56.83,62.57,3.017,1281.1,16.949,3.1255,345.0,424.75,989.0
2017-11-22,58.02,63.32,2.968,1291.6,17.101,3.1345,345.25,422.75,997.25
2017-11-24,58.95,63.86,2.813,1286.7,16.981,3.166,342.25,415.75,993.25
2017-11-27,58.11,63.84,2.928,1293.8,17.009,3.1325,338.75,409.5,996.0
2017-11-28,57.99,63.61,3.074,1294.7,16.811,3.0705,336.25,410.75,993.0
2017-11-29,57.3,63.11,3.179,1282.1,16.457,3.04,339.0,416.5,992.5
2017-11-30,57.4,63.57,3.025,1273.2,16.382,3.037,341.75,409.25,985.75
2017-12-01,58.36,63.49,3.061,1278.8,16.297,3.0655,344.75,414.5,994.25
2017-12-04,57.47,62.45,2.985,1274.3,16.284,3.063,339.5,410.25,998.5
2017-12-05,57.62,62.86,2.914,1261.6,15.973,2.9205,339.75,406.0,1008.5
2017-12-06,55.96,61.22,2.922,1262.8,15.868,2.9365,339.25,398.5,1002.75
2017-12-07,56.69,62.2,2.763,1249.8,15.715,2.9405,338.75,394.25,992.0
2017-12-08,57.36,63.4,2.772,1245.2,15.736,2.955,340.0,392.0,989.75
2017-12-11,57.99,64.69,2.828,1243.7,15.697,2.988,336.5,387.75,982.5
2017-12-12,57.14,63.34,2.678,1238.5,15.582,2.9995,335.75,387.25,975.75
2017-12-13,56.6,62.44,2.715,1245.4,15.784,3.0295,336.75,392.25,979.25
2017-12-14,57.04,63.31,2.684,1253.8,15.85,3.0485,336.25,395.0,967.75
2017-12-15,57.3,63.23,2.612,1254.3,15.978,3.11,347.5,418.25,967.25
2017-12-18,57.16,63.41,2.745,1262.2,16.12,3.122,347.0,420.5,961.5
2017-12-19,57.46,63.8,2.692,1260.7,16.066,3.1275,347.5,419.5,956.0
2017-12-20,58.09,64.56,2.637,1266.1,16.188,3.1715,349.25,423.5,954.0
2017-12-21,58.36,64.9,2.598,1267.3,16.152,3.1945,351.25,427.0,948.75
2017-12-22,58.47,65.25,2.667,1275.4,16.357,3.2145,352.0,424.75,949.5
2017-12-26,59.97,67.02,2.643,1284.1,16.52,3.256,352.75,422.25,959.25
2017-12-27,59.64,66.44,2.738,1287.0,16.619,3.257,353.75,428.0,955.5
2017-12-28,59.84,66.72,2.914,1294.1,16.832,3.286,352.0,427.75,945.75
2017-12-29,60.42,66.6,2.953,1306.3,17.06,3.2795,350.75,427.0,951.75
2018-01-02,60.37,66.57,3.056,1313.7,17.121,3.256,353.25,433.5,955.0
2018-01-03,61.63,67.84,3.008,1316.2,17.185,3.237,353.0,436.0,959.75
2018-01-04,62.01,68.07,2.88,1319.4,17.189,3.2425,351.0,434.0,959.25
2018-01-05,61.44,67.62,2.795,1320.3,17.205,3.207,351.25,430.75,961.5
2018-01-08,61.73,67.78,2.835,1318.6,17.064,3.201,347.25,427.75,958.25
2018-01-09,62.96,68.82,2.923,1311.7,16.936,3.1945,349.0,432.25,955.75
2018-01-10,63.57,69.2,2.906,1317.4,16.963,3.215,349.0,434.25,947.0
2018-01-11,63.8,69.26,3.084,1320.6,16.894,3.2135,348.75,433.25,940.5
2018-01-12,64.3,69.87,3.2,1333.4,17.069,3.2,346.25,420.5,944.0
2018-01-16,63.73,69.15,3.129,1335.4,17.122,3.199,348.25,416.5,968.0
2018-01-17,63.97,69.38,3.232,1338.0,17.105,3.1665,353.0,421.5,968.75
2018-01-18,63.95,69.31,3.189,1326.0,16.893,3.177,351.5,425.25,973.0
2018-01-19,63.37,68.61,3.185,1331.9,16.975,3.167,352.5,422.75,977.25
2018-01-22,63.49,69.03,3.224,1330.9,16.931,3.1775,352.0,425.75,984.25
2018-01-23,64.47,69.96,3.444,1335.7,16.855,3.0895,351.25,421.5,986.25
2018-01-24,65.61,70.53,3.509,1355.9,17.425,3.2085,356.5,433.0,992.25
2018-01-25,65.51,70.42,3.447,1362.4,17.551,3.199,355.25,434.5,992.25
2018-01-26,66.14,70.52,3.505,1351.6,17.382,3.1825,356.5,441.0,985.5
2018-01-29,65.56,69.46,3.631,,,,358.75,449.25,991.5
2018-01-30,64.5,69.02,3.195,1335.4,17.013,3.177,361.5,457.25,1000.25
2018-01-31,64.73,69.05,2.995,1339.0,17.204,3.184,361.5,451.75,995.75
2018-02-01,65.8,69.08,2.856,1344.3,17.118,3.197,361.75,451.0,985.0
2018-02-02,65.45,68.58,2.846,1333.7,16.676,3.1765,361.5,446.75,978.75
2018-02-05,64.15,67.62,2.747,1333.0,16.639,3.2105,358.75,440.25,969.75
2018-02-06,63.39,66.86,2.759,1326.1,16.548,3.1775,363.5,446.25,986.25
2018-02-07,61.79,65.51,2.702,1311.6,16.206,3.0765,365.25,460.5,983.0
2018-02-08,61.15,64.81,2.697,1316.9,16.314,3.072,365.75,456.25,987.75
2018-02-09,59.2,62.79,2.584,1313.1,16.116,3.0245,362.0,449.0,983.0
2018-02-12,59.29,62.59,2.552,1324.2,16.548,3.0775,367.0,464.0,1001.75
2018-02-13,59.19,62.72,2.594,1328.1,16.507,3.1545,366.75,460.75,1011.75
2018-02-14,60.6,64.36,2.587,1355.5,16.858,3.2285,367.25,455.75,1017.25
2018-02-15,61.34,64.33,2.58,1352.1,16.777,3.239,367.75,461.75,1024.25
2018-02-16,61.68,64.84,2.558,1353.2,16.695,3.243,367.5,457.75,1021.5
2018-02-20,61.9,65.25,2.616,1328.8,16.425,3.186,365.5,449.25,1026.5
2018-02-21,61.68,65.42,2.659,1330.0,16.604,3.2115,365.75,447.25,1034.25
2018-02-22,62.77,66.39,2.634,1330.6,16.579,3.2375,366.75,451.25,1032.0
2018-02-23,63.55,67.31,2.625,1328.2,16.476,3.2085,366.25,452.25,1036.25
2018-02-26,63.91,67.5,2.639,1330.7,16.542,3.196,368.5,459.5,1034.25
2018-02-27,63.01,66.63,2.683,1315.5,16.346,3.1575,370.5,463.25,1038.0
2018-02-28,61.64,65.78,2.667,1315.5,16.324,3.1075,374.5,484.5,1045.0
2018-03-01,60.99,65.71,2.698,1302.9,16.2,3.0995,378.75,505.5,1057.5
2018-03-02,61.25,64.37,2.695,1321.1,16.392,3.101,377.25,492.0,1060.75
2018-03-05,62.57,65.54,2.704,1318.1,16.338,3.1055,378.25,502.25,1066.75
2018-03-06,62.6,65.79,2.749,1333.6,16.715,3.137,379.75,502.0,1064.5
2018-03-07,61.15,64.34,2.777,1326.0,16.428,3.114,379.25,493.0,1055.0
2018-03-08,60.12,63.61,2.756,1319.9,16.436,3.0585,385.75,494.75,1053.75
2018-03-09,62.04,65.49,2.732,1322.4,16.546,3.116,383.0,489.0,1029.25
2018-03-12,61.36,64.95,2.778,1319.4,16.471,3.104,384.25,489.75,1033.25
2018-03-13,60.71,64.64,2.786,1325.9,16.559,3.119,385.5,485.5,1040.5
2018-03-14,60.96,64.89,2.731,1324.4,16.467,3.14,383.5,495.75,1028.5
2018-03-15,61.19,65.12,2.681,1316.8,16.353,3.111,386.75,478.75,1040.75
2018-03-16,62.34,66.21,2.688,1311.3,16.202,3.093,382.75,467.75,1049.5
2018-03-19,62.06,66.05,2.651,1316.8,16.255,3.0695,375.0,450.75,1022.5
2018-03-20,63.4,67.42,2.675,1311.1,16.125,3.0255,374.5,453.0,1028.25
2018-03-21,65.17,69.47,2.638,1320.7,16.357,3.0485,375.0,453.5,1029.75
2018-03-22,64.3,68.91,2.617,1326.6,16.328,3.012,376.0,455.75,1029.75
2018-03-23,65.88,70.45,2.591,1349.3,16.53,2.9845,377.25,460.25,1028.25
2018-03-26,65.55,70.12,2.618,1354.4,16.632,2.9605,374.0,454.25,1025.5
2018-03-27,65.25,70.11,2.691,1341.3,16.489,2.9915,374.0,449.0,1019.5
2018-03-28,64.38,69.53,2.698,1324.2,16.205,2.994,373.5,445.5,1018.0
2018-03-29,64.94,70.27,2.733,1322.8,16.223,3.019,387.75,451.0,1044.75
2018-04-02,63.01,67.64,2.683,1342.1,16.627,3.0405,387.25,446.25,1035.5
2018-04-03,63.51,68.12,2.697,1332.8,16.347,3.058,388.5,457.5,1038.0
2018-04-04,63.37,68.02,2.718,1335.8,16.209,3.007,381.0,455.75,1015.25
2018-04-05,63.54,68.33,2.675,1324.3,16.32,3.0695,389.5,464.75,1031.25
2018-04-06,62.06,67.11,2.701,1331.9,16.332,3.054,388.5,472.25,1033.75
2018-04-09,63.42,68.65,2.693,1336.3,16.499,3.0715,390.75,490.75,1047.0
2018-04-10,65.51,71.04,2.656,1342.0,16.566,3.131,389.25,492.0,1050.0
2018-04-11,66.82,72.06,2.675,1356.5,16.738,3.112,387.0,487.25,1047.75
2018-04-12,67.07,72.02,2.686,1338.4,16.443,3.06,388.75,481.0,1060.75
2018-04-13,67.39,72.58,2.735,1344.8,16.628,3.0675,386.25,472.5,1054.25
2018-04-16,66.22,71.42,2.752,1347.5,16.662,3.0915,382.5,462.25,1042.0
2018-04-17,66.52,71.58,2.738,1347.2,16.772,3.075,380.25,466.25,1046.0
2018-04-18,68.47,73.48,2.739,1351.2,17.231,3.1535,383.0,475.25,1041.75
2018-04-19,68.29,73.78,2.66,1346.8,17.222,3.128,382.0,476.75,1037.25
2018-04-20,68.38,74.06,2.739,1336.7,17.147,3.1315,376.5,463.25,1028.75
2018-04-23,68.64,74.71,2.74,1322.5,16.571,3.108,378.5,461.5,1020.75
2018-04-24,67.7,73.86,2.781,1331.4,16.687,3.1385,381.25,472.5,1022.25
2018-04-25,68.05,74.0,2.786,1321.2,16.486,3.132,386.5,486.25,1027.5
2018-04-26,68.19,74.74,2.821,1316.3,16.488,3.113,386.0,480.75,1028.0
2018-04-27,68.1,74.64,2.771,1320.3,16.406,3.046,389.5,495.5,1045.0
2018-04-30,68.57,75.17,2.763,1316.2,16.312,3.0525,392.5,512.5,1037.75
2018-05-01,67.25,75.17,2.802,1303.8,16.039,3.015,396.75,529.75,1042.5
2018-05-02,67.93,73.36,2.754,1302.6,16.291,3.0475,396.0,525.75,1032.75
2018-05-03,68.43,73.62,2.726,1310.7,16.362,3.059,399.5,540.5,1043.25
2018-05-04,69.72,74.87,2.711,1312.7,16.434,3.0655,398.75,527.5,1027.25
2018-05-07,70.73,76.17,2.741,1312.2,16.413,3.0595,393.25,514.0,1002.25
2018-05-08,69.06,74.85,2.732,1312.0,16.388,3.0405,395.5,517.75,1011.25
2018-05-09,71.14,77.21,2.737,1311.3,16.458,3.0395,394.75,514.5,1007.25
2018-05-10,71.36,77.47,2.814,1320.8,16.68,3.0925,394.75,507.75,1013.25
2018-05-11,70.7,77.12,2.806,1319.0,16.676,3.095,389.75,489.5,994.75
2018-05-14,70.96,78.23,2.842,1316.5,16.57,3.0785,389.0,480.5,1013.0
2018-05-15,71.31,78.43,2.836,1288.9,16.194,3.0425,402.25,493.5,1018.75
2018-05-16,71.49,79.28,2.815,1290.2,16.297,3.0585,399.25,494.25,999.75
2018-05-17,71.49,79.3,2.859,1288.2,16.413,3.077,395.25,497.5,995.0
2018-05-18,71.28,78.51,2.847,1290.2,16.387,3.051,402.5,518.25,998.5
2018-05-21,72.24,79.22,2.81,1290.2,16.452,3.0855,402.75,507.25,1025.25
2018-05-22,72.13,79.57,2.908,1291.7,16.508,3.119,404.75,521.5,1030.5
2018-05-23,71.84,79.8,2.914,1289.3,16.338,3.0605,408.5,531.0,1039.25
2018-05-24,70.71,78.79,2.94,1303.7,16.621,3.0855,404.25,530.25,1035.75
2018-05-25,67.88,76.44,2.939,1303.3,16.481,3.067,406.0,543.0,1041.5
2018-05-29,66.73,75.39,2.875,1298.7,16.305,3.052,400.0,536.5,1030.5
2018-05-30,68.21,77.5,2.885,1301.5,16.479,3.0595,393.5,522.0,1023.0
2018-05-31,67.04,77.59,2.952,1300.1,16.402,3.058,394.0,526.25,1018.5
2018-06-01,65.81,77.59,2.962,1294.8,16.388,3.0915,391.5,523.25,1021.25
2018-06-04,64.75,75.29,2.93,1293.1,16.379,3.1265,380.75,505.25,1001.75
2018-06-05,65.52,75.38,2.89,1297.5,16.491,3.191,383.75,510.0,1001.25
2018-06-06,64.73,75.36,2.896,1297.1,16.642,3.2545,378.25,519.75,994.25
2018-06-07,65.95,77.32,2.93,1298.7,16.766,3.268,376.25,526.75,974.25
2018-06-08,65.74,76.46,2.89,1298.1,16.694,3.293,377.75,520.0,969.25
2018-06-11,66.1,76.46,2.949,1298.9,16.905,3.2505,367.25,514.5,953.75
2018-06-12,66.36,75.88,2.939,1295.1,16.849,3.2425,377.5,534.5,954.0
2018-06-13,66.64,76.74,2.963,1296.9,16.953,3.248,376.0,516.5,936.0
2018-06-14,66.89,75.94,2.965,1304.0,17.226,3.2165,363.0,501.5,927.25
2018-06-15,65.06,73.44,3.022,1274.6,16.452,3.141,361.25,499.5,905.5
2018-06-18,65.85,75.34,2.951,1276.2,16.412,3.1035,356.0,490.0,908.5
2018-06-19,65.07,75.08,2.9,1275.6,16.303,3.0465,353.75,477.75,889.0
2018-06-20,66.22,74.74,2.964,1271.2,16.289,3.0465,354.25,488.25,889.5
2018-06-21,65.54,73.05,2.975,1267.2,16.306,3.025,357.0,495.25,880.5
2018-06-22,68.58,75.55,2.945,1267.4,16.439,3.0325,357.25,491.25,894.5
2018-06-25,68.08,74.73,2.923,1265.6,16.308,2.992,350.5,476.75,874.5
2018-06-26,70.53,76.31,2.939,1256.6,16.238,2.997,352.5,469.5,867.25
2018-06-27,72.76,77.62,2.996,1252.8,16.139,2.9895,352.5,479.5,867.5
2018-06-28,73.45,77.85,2.94,1247.8,15.951,2.9535,345.0,479.5,861.25
2018-06-29,74.15,79.44,2.924,1251.3,16.104,2.951,350.25,497.5,858.5
2018-07-02,73.94,77.3,2.862,1239.8,15.744,2.9315,337.5,480.25,848.5
2018-07-03,74.14,77.76,2.87,1251.6,15.952,2.906,342.75,491.5,844.0
2018-07-05,72.94,77.39,2.837,1257.3,16.008,2.814,343.5,504.0,835.5
2018-07-06,73.8,77.11,2.858,1254.3,15.981,2.813,351.75,512.75,874.0
2018-07-09,73.85,78.07,2.828,1258.1,16.053,2.839,345.75,507.75,851.75
2018-07-10,74.11,78.86,2.788,1253.8,16.003,2.8285,339.75,489.5,852.25
2018-07-11,70.38,73.4,2.829,1242.8,15.732,2.7335,331.25,469.75,829.75
2018-07-12,70.33,74.45,2.797,1245.0,15.898,2.768,336.5,482.5,830.0
2018-07-13,71.01,75.33,2.752,1239.6,15.739,2.77,330.25,481.5,814.0
2018-07-16,68.06,71.84,2.759,1238.1,15.735,2.757,341.75,488.5,829.5
2018-07-17,68.08,72.16,2.74,1225.7,15.546,2.7395,346.25,497.75,839.5
2018-07-18,68.76,72.9,2.721,1226.3,15.503,2.752,347.25,494.5,842.25
2018-07-19,69.46,72.58,2.769,1222.4,15.34,2.686,351.25,504.25,846.0
2018-07-20,70.46,73.07,2.757,1229.5,15.49,2.746,355.25,516.0,849.75
2018-07-23,67.89,73.06,2.721,1224.0,15.368,2.737,357.25,513.75,847.75
2018-07-24,68.52,73.44,2.732,1223.9,15.463,2.8,352.0,510.25,858.0
2018-07-25,69.3,73.93,2.775,1231.4,15.533,2.806,359.25,542.75,860.75
2018-07-26,69.61,74.54,2.78,1225.3,15.438,2.804,361.5,536.5,861.25
2018-07-27,68.69,74.29,2.822,1222.6,15.436,2.7875,362.0,530.5,870.5
2018-07-30,70.13,74.97,2.797,1221.3,15.475,2.779,367.25,546.5,875.0
2018-07-31,68.76,74.25,2.782,1223.7,15.5,2.819,372.25,553.75,903.75
2018-08-01,67.66,74.25,2.758,1217.9,15.394,2.735,365.0,558.25,886.75
2018-08-02,68.96,73.45,2.816,1210.6,15.329,2.727,366.75,560.5,882.5
2018-08-03,68.49,73.21,2.853,1214.2,15.406,2.7535,369.75,556.25,886.25
2018-08-06,69.01,73.75,2.86,1208.6,15.292,2.721,371.0,574.5,877.25
2018-08-07,69.17,74.65,2.897,1209.6,15.317,2.741,370.75,568.25,889.25
2018-08-08,66.94,72.28,2.949,1212.6,15.376,2.7405,371.25,570.0,893.75
2018-08-09,66.81,72.07,2.955,1211.9,15.419,2.7555,369.25,564.5,887.75
2018-08-10,67.63,72.81,2.944,1211.1,15.266,2.7325,357.75,546.75,846.0
2018-08-13,67.2,72.61,2.93,1191.3,14.953,2.722,356.5,533.5,853.5
2018-08-14,67.04,72.46,2.959,1193.0,15.025,2.6755,362.25,541.75,864.5
2018-08-15,65.01,70.76,2.94,1177.5,14.421,2.557,361.5,532.25,857.5
2018-08-16,65.46,71.43,2.908,1176.2,14.697,2.6135,365.25,542.25,885.5
2018-08-17,65.91,71.83,2.946,1176.5,14.616,2.6245,364.25,560.5,881.5
2018-08-20,66.43,72.21,2.941,1186.8,14.655,2.6635,362.0,542.25,881.75
2018-08-21,67.35,72.63,2.98,1192.6,14.751,2.6895,359.75,527.25,874.5
2018-08-22,67.86,74.78,2.956,1196.3,14.735,2.6685,352.5,526.0,858.25
2018-08-23,67.83,74.73,2.964,1187.0,14.527,2.6525,346.75,522.0,842.0
2018-08-24,68.72,75.82,2.917,1206.3,14.779,2.699,348.5,514.75,842.0
2018-08-27,68.87,76.21,2.876,1209.0,14.844,2.705,346.75,499.25,834.75
2018-08-28,68.53,75.95,2.852,1207.4,14.767,2.734,341.0,498.25,820.5
2018-08-29,69.51,77.14,2.895,1204.5,14.688,2.709,341.25,515.75,823.25
2018-08-30,70.25,77.77,2.874,1197.7,14.477,2.6905,341.0,508.0,819.5
2018-08-31,69.8,77.42,2.916,1200.3,14.438,2.649,351.0,518.5,833.0
2018-09-04,69.87,78.17,2.823,1192.7,14.061,2.5835,354.5,502.75,832.0
2018-09-05,68.72,77.27,2.795,1194.9,14.118,2.5925,351.75,493.75,825.5
2018-09-06,67.77,76.5,2.772,1197.9,14.075,2.6185,353.5,486.0,826.75
2018-09-07,67.75,76.83,2.776,1193.6,14.067,2.6035,354.25,486.25,832.0
2018-09-10,67.54,77.37,2.804,1193.0,14.079,2.6105,355.5,504.0,833.5
2018-09-11,69.25,79.06,2.828,1195.4,14.052,2.604,355.25,493.75,820.25
2018-09-12,70.37,79.74,2.829,1204.7,14.192,2.6585,341.5,481.75,829.0
2018-09-13,68.59,78.18,2.817,1202.0,14.143,2.6645,336.25,471.75,822.75
2018-09-14,68.99,78.09,2.767,1195.0,14.042,2.6275,337.0,480.0,821.5
2018-09-17,68.91,78.05,2.814,1199.7,14.122,2.6335,348.0,506.25,823.5
2018-09-18,69.85,79.03,2.933,1196.8,14.084,2.712,343.25,510.5,814.0
2018-09-19,71.12,79.4,2.908,1202.2,14.189,2.71,345.75,522.5,830.0
2018-09-20,70.8,78.7,2.976,1206.2,14.215,2.721,352.5,524.0,850.25
2018-09-21,70.78,78.8,2.977,1196.2,14.269,2.8365,357.25,521.75,847.25
2018-09-24,72.08,81.2,3.038,1199.3,14.251,2.816,360.5,527.0,841.0
2018-09-25,72.28,81.87,3.082,1200.0,14.398,2.8035,363.75,520.75,845.75
2018-09-26,71.57,81.34,3.021,1194.0,14.305,2.807,363.0,517.5,850.0
2018-09-27,72.12,81.72,3.056,1182.3,14.201,2.7645,364.75,513.0,855.0
2018-09-28,73.25,82.72,3.008,1191.5,14.623,2.787,356.25,509.0,845.5
2018-10-01,75.3,84.98,3.094,1187.1,14.422,2.774,365.75,509.5,857.75
2018-10-02,75.23,84.8,3.166,1202.4,14.61,2.795,367.5,519.25,866.0
2018-10-03,76.41,86.29,3.23,1198.3,14.59,2.8225,364.75,515.25,861.5
2018-10-04,74.33,84.58,3.165,1197.2,14.51,2.765,367.5,518.0,859.25
2018-10-05,74.34,84.16,3.143,1201.2,14.569,2.751,368.25,521.0,869.0
2018-10-08,74.29,83.91,3.267,1184.4,14.259,2.755,366.5,514.0,869.75
2018-10-09,74.96,85.0,3.266,1187.2,14.329,2.795,364.5,515.0,863.0
2018-10-10,73.17,83.09,3.284,1189.3,14.255,2.769,362.75,510.5,852.25
2018-10-11,70.97,80.26,3.222,1223.5,14.535,2.797,369.25,508.0,858.25
2018-10-12,71.34,80.43,3.161,1218.1,14.564,2.793,373.75,517.25,867.5
2018-10-15,71.78,80.78,3.242,1226.4,14.656,2.7805,378.25,525.0,891.5
2018-10-16,71.92,81.41,3.239,1227.3,14.63,2.7705,375.25,523.5,884.75
2018-10-17,69.75,80.05,3.32,1223.7,14.592,2.767,374.25,517.5,885.75
2018-10-18,68.65,79.29,3.198,1226.5,14.533,2.7375,370.75,513.0,863.5
2018-10-19,69.12,79.78,3.25,1225.3,14.579,2.768,367.0,514.75,856.75
2018-10-22,69.17,79.83,3.138,1221.2,14.522,2.774,369.5,508.0,858.5
2018-10-23,66.43,76.44,3.212,1233.4,14.728,2.747,370.25,509.0,857.5
2018-10-24,66.82,76.17,3.166,1227.8,14.611,2.7465,368.25,499.5,850.25
2018-10-25,67.33,76.89,3.202,1229.1,14.565,2.7485,361.0,487.25,841.75
2018-10-26,67.59,77.62,3.185,1232.5,14.635,2.744,367.75,505.25,845.0
2018-10-29,67.04,77.34,3.185,1224.5,14.377,2.7385,366.75,507.25,839.0
2018-10-30,66.18,75.91,3.187,1222.6,14.403,2.663,364.75,499.75,833.5
2018-10-31,65.31,75.47,3.261,1212.3,14.229,2.6635,363.25,500.5,839.0
2018-11-01,63.69,75.5,3.237,1236.0,14.729,2.7215,366.75,508.0,869.0
2018-11-02,63.14,72.83,3.284,1230.9,14.707,2.803,371.25,508.75,875.25
2018-11-05,63.1,73.17,3.567,1229.8,14.604,2.7555,374.0,507.25,873.0
2018-11-06,62.21,72.13,3.555,1223.8,14.458,2.7305,373.25,512.0,872.0
2018-11-07,61.67,72.07,3.555,1226.2,14.528,2.7525,372.25,510.25,867.75
2018-11-08,60.67,70.65,3.543,1222.9,14.386,2.737,373.5,507.75,867.5
2018-11-09,60.19,70.18,3.719,1206.4,14.103,2.6865,369.75,502.0,875.25
2018-11-12,59.93,70.12,3.788,1201.3,13.974,2.678,371.25,519.75,871.75
2018-11-13,55.69,65.47,4.101,1199.2,13.952,2.687,366.5,507.75,867.25
2018-11-14,56.25,66.12,4.837,1207.9,14.055,2.7095,367.0,503.0,870.5
2018-11-15,56.46,66.62,4.038,1212.8,14.237,2.749,367.5,505.5,888.75
2018-11-16,56.46,66.76,4.272,1220.8,14.358,2.804,364.75,506.75,892.25
2018-11-19,56.76,66.79,4.7,1223.1,14.381,2.8045,362.25,498.5,873.75
2018-11-20,53.43,62.53,4.523,1219.0,14.247,2.7665,361.25,500.75,881.0
2018-11-21,54.63,63.48,4.451,1225.8,14.48,2.7945,361.75,498.75,883.0
2018-11-23,50.42,58.8,4.308,1221.0,14.221,2.7705,359.0,499.75,881.0
2018-11-26,51.63,60.48,4.248,1220.2,14.183,2.7585,356.0,507.5,862.25
2018-11-27,51.56,60.21,4.262,1211.2,14.062,2.7105,356.5,498.0,875.5
2018-11-28,50.29,58.76,4.715,1221.4,14.303,2.796,360.5,497.5,890.5
2018-11-29,51.45,59.51,4.646,1224.1,14.273,2.778,360.25,496.5,887.25
2018-11-30,50.93,58.71,4.612,1220.2,14.094,2.7775,366.5,515.75,894.75
2018-12-03,52.95,61.69,4.339,1233.9,14.381,2.7995,371.25,515.75,905.75
2018-12-04,53.25,62.08,4.457,1241.1,14.521,2.7485,374.25,519.25,911.75
2018-12-06,51.49,60.06,4.327,1238.1,14.39,2.7405,372.0,505.25,909.5
2018-12-07,52.61,61.67,4.488,1246.8,14.572,2.7575,374.0,519.5,916.75
2018-12-10,51.0,59.97,4.545,1243.7,14.478,2.7185,374.25,514.75,909.75
2018-12-11,51.65,60.2,4.407,1241.9,14.499,2.766,375.0,509.75,915.0
2018-12-12,51.15,60.15,4.136,1244.4,14.725,2.7685,376.25,515.25,920.0
2018-12-13,52.58,61.45,4.124,1242.7,14.729,2.7625,375.5,527.75,907.0
2018-12-14,51.2,60.28,3.827,1237.0,14.513,2.7605,376.75,527.75,900.5
2018-12-17,49.88,59.61,3.528,1247.4,14.639,2.753,,535.25,904.75
2018-12-18,46.24,56.26,3.838,1249.2,14.585,2.671,,532.75,907.75
2018-12-19,47.2,57.24,3.726,1252.1,14.702,2.7215,381.75,522.5,900.0
2018-12-20,45.88,54.35,3.583,1263.6,14.753,2.702,375.25,523.5,893.5
2018-12-21,45.59,53.82,3.816,1253.8,14.583,2.6785,378.5,514.0,884.75
2018-12-24,42.53,50.47,3.467,1267.5,14.701,2.6685,377.75,516.5,884.0
2018-12-26,46.22,54.47,3.543,1269.2,15.004,2.7085,373.25,510.0,870.0
2018-12-27,44.61,52.16,3.642,1277.3,15.191,2.6675,374.5,510.5,869.0
2018-12-28,45.33,52.2,3.303,1279.9,15.326,2.679,375.5,511.5,882.75
2018-12-31,45.41,53.8,2.94,1278.3,15.433,2.628,375.0,503.25,882.5
2019-01-02,46.54,54.91,2.958,1281.0,15.542,2.625,375.75,506.75,894.75
2019-01-03,47.09,55.95,2.945,1291.8,15.706,2.5705,379.75,513.75,900.25
2019-01-04,47.96,57.06,3.044,1282.7,15.695,2.6515,383.0,517.0,909.5
2019-01-07,48.52,57.33,2.944,1286.8,15.669,2.641,382.25,516.75,912.25
2019-01-08,49.78,58.72,2.967,1283.2,15.626,2.6605,380.0,517.75,906.25
2019-01-09,52.36,61.44,2.984,1289.3,15.653,2.662,382.0,520.0,911.5
2019-01-10,52.59,61.68,2.969,1284.7,15.561,2.6435,376.25,513.75,895.5
2019-01-11,51.59,60.48,3.099,1287.1,15.577,2.6695,378.25,519.5,899.25
2019-01-14,50.51,58.99,3.591,1289.1,15.609,2.6455,378.5,514.25,890.75
2019-01-15,52.11,60.64,3.501,1286.2,15.546,2.6505,371.25,511.0,893.25
2019-01-16,52.31,61.32,3.384,1291.6,15.564,2.6935,374.0,512.5,894.5
2019-01-17,52.07,61.18,3.413,1291.0,15.467,2.7,380.0,517.75,907.75
2019-01-18,53.8,62.7,3.482,1281.3,15.33,2.741,381.75,517.75,916.75
2019-01-22,52.57,61.5,3.04,1282.5,15.259,2.689,379.0,521.25,909.25
2019-01-23,52.62,61.14,2.98,1283.1,15.317,2.694,378.75,526.0,915.0
2019-01-24,53.13,61.09,3.099,1279.1,15.238,2.6735,377.0,521.5,916.0
2019-01-25,53.69,61.64,3.178,1297.4,15.639,2.738,380.25,520.0,925.25
2019-01-28,51.99,59.93,2.911,1302.4,15.709,2.6875,379.75,518.75,923.25
2019-01-29,53.31,61.32,2.95,1308.2,15.786,2.732,377.25,513.25,919.0
2019-01-30,54.23,61.65,2.854,1309.9,15.88,2.773,381.25,516.75,921.0
2019-01-31,53.79,61.89,2.814,1319.7,16.022,2.789,376.5,516.5,915.25
2019-02-01,55.26,61.87,2.734,1316.9,15.88,2.775,378.25,524.25,917.75
2019-02-04,54.56,62.51,2.66,1314.3,15.837,2.795,379.25,525.75,918.5
2019-02-05,53.66,61.98,2.662,1314.2,15.79,2.817,380.75,527.25,920.25
2019-02-06,54.01,62.69,2.662,1309.5,15.656,2.8355,380.0,526.0,921.75
2019-02-07,52.64,61.63,2.551,1309.4,15.675,2.8285,376.5,513.25,913.25
2019-02-08,52.72,62.1,2.583,1313.7,15.773,2.81,374.25,517.25,914.5
2019-02-11,52.41,61.51,2.642,1307.0,15.657,2.7915,372.75,518.25,905.0
2019-02-12,53.1,62.42,2.688,1309.2,15.66,2.7745,378.25,520.0,917.5
2019-02-13,53.9,63.61,2.575,1310.8,15.624,2.774,378.75,522.25,916.5
2019-02-14,54.41,64.57,2.573,1309.8,15.5,2.776,374.75,507.0,903.5
2019-02-15,55.59,66.25,2.625,1318.1,15.723,2.8025,374.75,504.25,907.5
2019-02-19,56.09,66.45,2.662,1340.1,15.947,2.8815,369.75,489.75,900.75
2019-02-20,56.92,67.08,2.636,1343.3,16.157,2.93,370.75,480.75,902.5
2019-02-21,56.96,67.07,2.697,1323.5,15.791,2.9025,375.5,486.5,911.0
2019-02-22,57.26,67.12,2.717,1329.2,15.908,2.961,375.25,486.75,910.25
2019-02-25,55.48,64.76,2.836,1325.9,15.825,2.95,370.5,466.75,911.75
2019-02-26,55.5,65.21,2.855,1325.1,15.827,2.944,366.25,460.25,903.75
2019-02-27,56.94,66.39,2.799,1317.7,15.672,2.959,363.75,461.0,903.5
2019-02-28,57.22,66.03,2.812,1312.8,15.538,2.95,362.0,452.5,897.5
2019-03-01,55.8,65.07,2.859,1296.4,15.169,2.9335,364.0,454.0,899.25
2019-03-04,56.59,65.67,2.857,1284.8,15.017,2.911,365.0,446.75,903.25
2019-03-05,56.56,65.86,2.884,1282.0,15.02,2.936,366.0,454.25,901.25
2019-03-06,56.22,65.99,2.841,1284.9,15.003,2.9185,362.5,440.5,889.75
2019-03-07,56.66,66.3,2.866,1283.8,14.96,2.9115,356.0,431.5,890.75
2019-03-08,56.07,65.74,2.865,1297.0,15.272,2.894,354.75,432.75,883.75
2019-03-11,56.79,66.58,2.772,1288.8,15.197,2.9,352.5,422.25,877.75
2019-03-12,56.87,66.67,2.784,1296.3,15.338,2.9275,356.5,446.25,884.75
2019-03-13,58.26,67.55,2.82,1307.5,15.381,2.9335,357.25,440.25,889.0
2019-03-14,58.61,67.23,2.855,1293.4,15.101,2.8885,361.5,448.25,889.5
2019-03-15,58.52,67.16,2.795,1301.8,15.253,2.9035,373.25,462.25,909.25
2019-03-18,59.09,67.54,2.85,1300.3,15.251,2.9035,371.5,456.75,905.75
2019-03-19,59.03,67.61,2.874,1305.0,15.301,2.9195,371.25,456.5,904.0
2019-03-20,59.83,68.5,2.82,1300.5,15.245,2.9155,371.5,464.75,906.0
2019-03-21,59.98,67.86,2.821,1306.1,15.372,2.9,376.25,466.5,910.5
2019-03-22,59.04,67.03,2.753,1311.6,15.345,2.836,378.25,466.0,903.75
2019-03-25,58.82,67.21,2.755,1321.9,15.507,2.8495,379.75,469.5,906.5
2019-03-26,59.94,67.97,2.74,1314.3,15.371,2.8505,377.25,469.25,900.75
2019-03-27,59.41,67.83,2.713,1309.9,15.239,2.858,373.75,469.5,887.5
2019-03-28,59.3,67.82,2.712,1289.8,14.921,2.8685,374.0,464.5,889.5
2019-03-29,60.14,68.39,2.662,1293.0,15.06,2.936,356.5,457.75,884.25
2019-04-01,61.59,69.01,2.708,1288.4,15.051,2.9205,361.75,462.75,895.5
2019-04-02,62.58,69.37,2.684,1290.0,15.018,2.904,361.5,464.0,900.0
2019-04-03,62.46,69.31,2.677,1289.9,15.059,2.9465,362.75,471.0,898.75
2019-04-04,62.1,69.4,2.643,1289.0,15.041,2.9085,365.25,470.75,906.5
2019-04-05,63.08,70.34,2.664,1290.4,15.043,2.8925,362.5,467.75,899.0
2019-04-08,64.4,71.1,2.708,1297.1,15.173,2.9295,360.0,465.25,898.75
2019-04-09,63.98,70.61,2.699,1303.5,15.168,2.9315,360.0,459.5,898.75
2019-04-10,64.61,71.73,2.7,1309.1,15.201,2.9225,361.75,458.0,902.0
2019-04-11,63.58,70.83,2.664,1288.6,14.824,2.886,360.0,460.5,895.25
2019-04-12,63.89,71.55,2.66,1290.6,14.92,2.946,361.0,464.5,895.25
2019-04-15,63.4,71.18,2.59,1286.8,14.948,2.934,362.75,459.5,898.75
2019-04-16,64.05,71.72,2.572,1272.6,14.891,2.9305,359.0,445.0,888.0
2019-04-17,63.76,71.62,2.517,1272.2,14.921,2.9755,358.25,447.0,879.0
2019-04-18,64.0,71.97,2.49,1271.9,14.937,2.9275,358.5,444.25,880.5
2019-04-22,65.7,74.04,2.524,1273.5,14.957,2.9065,354.75,435.75,877.0
2019-04-23,66.3,74.51,2.455,1269.3,14.773,2.8985,351.25,438.75,862.0
2019-04-24,65.89,74.57,2.462,1275.5,14.898,2.9175,346.75,432.25,855.25
2019-04-25,65.21,74.35,2.514,1275.8,14.861,2.8775,347.5,434.75,859.25
2019-04-26,63.3,72.15,2.566,1284.9,15.002,2.97,351.25,435.0,853.75
2019-04-29,63.5,72.04,2.593,1278.6,14.844,2.895,352.0,426.75,847.5
2019-04-30,63.91,72.8,2.575,1282.8,14.9,2.9015,353.25,418.5,841.25
2019-05-01,63.6,72.18,2.62,1281.4,14.645,2.803,360.0,425.0,839.5
2019-05-02,61.81,70.75,2.589,1269.7,14.54,2.784,362.0,433.25,830.5
2019-05-03,61.94,70.85,2.567,1279.2,14.907,2.825,363.0,428.0,829.5
2019-05-06,62.25,71.24,2.524,1281.7,14.857,2.837,355.75,428.0,817.5
2019-05-07,61.4,69.88,2.537,1283.5,14.86,2.794,358.0,430.5,817.75
2019-05-08,62.12,70.37,2.61,1279.4,14.792,2.7855,355.25,431.25,814.25
2019-05-09,61.7,70.39,2.595,1283.5,14.707,2.7835,344.5,421.75,800.25
2019-05-10,61.66,70.62,2.619,1285.7,14.726,2.785,342.5,419.0,797.0
2019-05-13,61.04,70.23,2.621,1300.1,14.713,2.7295,347.5,431.25,791.0
2019-05-14,61.78,71.24,2.659,1294.7,14.752,2.7345,360.5,439.25,817.75
2019-05-15,62.02,71.77,2.601,1296.3,14.752,2.7535,369.5,448.75,835.5
2019-05-16,62.87,72.62,2.639,1285.0,14.479,2.7585,379.0,467.0,839.75
2019-05-17,62.76,72.21,2.631,1274.5,14.348,2.748,383.25,465.0,821.75
2019-05-20,63.1,71.97,2.673,1276.1,14.409,2.736,389.0,478.25,831.75
2019-05-21,62.99,72.18,2.613,1272.0,14.373,2.7235,394.25,478.75,822.0
2019-05-22,61.42,70.99,2.543,1273.6,14.414,2.686,394.5,472.75,828.5
2019-05-23,57.91,67.76,2.578,1284.8,14.577,2.6865,389.75,470.25,821.5
2019-05-24,58.63,68.69,2.598,1283.0,14.52,2.7065,404.25,489.5,829.75
2019-05-28,59.14,70.11,2.582,1276.5,14.281,2.7035,420.25,504.75,856.0
2019-05-29,58.81,69.45,2.633,1280.6,14.372,2.6725,418.75,490.5,872.0
2019-05-30,56.59,66.87,2.547,1287.1,14.46,2.6605,436.25,514.5,889.0
2019-05-31,53.5,64.49,2.454,1305.8,14.53,2.646,427.0,503.0,877.75
2019-06-03,53.25,61.28,2.403,1322.7,14.703,2.6555,424.25,519.75,879.0
2019-06-04,53.48,61.97,2.416,1323.4,14.732,2.6735,425.25,507.25,881.75
2019-06-05,51.68,60.63,2.378,1328.3,14.754,2.627,414.75,490.75,869.75
2019-06-06,52.59,61.67,2.324,1337.6,14.868,2.654,420.5,510.0,868.75
2019-06-07,53.99,63.29,2.337,1341.2,14.994,2.6305,415.75,504.5,856.25
2019-06-10,53.26,62.29,2.357,1324.7,14.605,2.664,415.75,507.5,858.5
2019-06-11,53.27,62.29,2.399,1326.4,14.706,2.6755,427.75,518.0,859.25
2019-06-12,51.14,59.97,2.386,1331.9,14.722,2.659,430.0,526.25,878.0
2019-06-13,52.28,61.31,2.325,1339.2,14.871,2.661,442.0,535.5,888.0
2019-06-14,52.51,62.01,2.387,1340.1,14.782,2.6345,453.0,538.5,896.75
2019-06-17,51.93,60.94,2.386,1338.7,14.814,2.651,454.75,539.5,912.75
2019-06-18,53.9,62.14,2.328,1346.6,14.98,2.707,449.75,531.5,913.5
2019-06-19,53.76,61.82,2.276,1344.6,14.945,2.6845,441.0,522.25,903.25
2019-06-20,56.65,64.45,2.185,1392.9,15.469,2.7155,450.0,526.5,915.5
2019-06-21,57.43,65.2,2.186,1396.2,15.273,2.706,442.25,526.0,902.75
2019-06-24,57.9,64.86,2.303,1414.3,15.368,2.7055,446.75,538.0,909.0
2019-06-25,57.83,65.05,2.308,1414.9,15.291,2.7355,447.5,535.75,903.5
2019-06-26,59.38,66.49,2.291,1411.6,15.283,2.711,443.25,543.75,894.25
2019-06-27,59.43,66.55,2.324,1408.4,15.205,2.7125,440.0,547.5,887.75
2019-06-28,58.47,66.55,2.308,1409.7,15.253,2.7055,420.25,528.0,899.75
2019-07-01,59.09,65.06,2.267,1385.6,15.106,2.6795,412.0,514.0,885.5
2019-07-02,56.25,62.4,2.24,1404.6,15.154,2.6575,413.5,503.5,876.25
2019-07-03,57.34,63.82,2.29,1417.7,15.252,2.6795,433.0,518.0,885.25
2019-07-05,57.51,64.23,2.418,1396.7,14.918,2.6585,434.0,519.25,872.25
2019-07-08,57.66,64.11,2.403,1397.0,14.972,2.656,438.5,516.75,875.25
2019-07-09,57.83,64.16,2.425,1397.5,15.068,2.6245,431.75,509.75,882.75
2019-07-10,60.43,67.01,2.444,1410.1,15.147,2.693,434.25,511.75,893.0
2019-07-11,60.2,66.52,2.416,1404.3,15.067,2.6825,447.75,536.25,896.25
2019-07-12,60.21,66.72,2.453,1409.9,15.161,2.6915,449.5,536.25,906.75
2019-07-15,59.58,66.48,2.408,1411.4,15.29,2.7075,441.0,507.75,901.75
2019-07-16,57.62,64.35,2.306,1409.2,15.6,2.6935,435.25,507.5,887.75
2019-07-17,56.78,63.66,2.304,1421.3,15.893,2.71,436.0,505.5,882.5
2019-07-18,55.3,61.93,2.287,1426.1,16.12,2.704,424.5,493.5,881.25
2019-07-19,55.63,62.47,2.251,1425.1,16.117,2.7445,430.75,502.5,901.5
2019-07-22,56.22,63.26,2.312,1425.3,16.34,2.7145,422.25,487.25,888.25
2019-07-23,56.77,63.83,2.3,1420.1,16.405,2.694,425.5,487.25,885.75
2019-07-24,55.88,63.18,2.22,1422.8,16.554,2.704,424.0,497.75,891.0
2019-07-25,56.02,63.39,2.244,1413.9,16.339,2.6955,418.5,499.5,882.5
2019-07-26,56.2,63.46,2.169,1418.5,16.325,2.6765,414.5,496.0,883.25
2019-07-29,56.87,63.71,2.141,1419.6,16.368,2.7095,417.0,503.5,885.75
2019-07-30,58.05,64.72,2.137,1429.7,16.495,2.6705,411.25,497.25,878.75
2019-07-31,58.58,65.17,2.233,1426.1,16.346,2.658,400.25,487.25,864.0
2019-08-01,53.95,60.5,2.202,1420.9,16.121,2.66,392.75,475.75,847.0
2019-08-02,55.66,61.89,2.121,1445.6,16.222,2.565,399.5,490.75,850.25
2019-08-05,54.69,59.81,2.07,1464.6,16.345,2.537,405.25,494.5,850.25
2019-08-06,53.63,58.94,2.111,1472.4,16.405,2.551,404.0,484.0,847.75
2019-08-07,51.09,56.23,2.083,1507.3,17.156,2.565,406.5,488.25,848.75
2019-08-08,52.54,57.38,2.128,1497.7,16.901,2.602,411.0,498.5,865.0
2019-08-09,54.5,58.53,2.119,1496.6,16.897,2.584,410.25,499.5,873.75
2019-08-12,54.93,58.57,2.105,1505.3,17.039,2.58,385.25,471.75,861.5
2019-08-13,57.1,61.3,2.147,1502.2,16.956,2.6245,366.0,472.0,872.0
2019-08-14,55.23,59.48,2.143,1515.9,17.253,2.5865,359.0,473.75,861.0
2019-08-15,54.47,58.23,2.232,1519.6,17.188,2.5895,360.75,469.0,858.0
2019-08-16,54.87,58.64,2.2,1512.5,17.096,2.59,371.0,470.75,867.25
2019-08-19,56.21,59.74,2.21,1500.4,16.914,2.597,365.0,465.5,854.0
2019-08-20,56.34,60.03,2.218,1504.6,17.122,2.574,359.5,460.0,855.75
2019-08-21,55.68,60.3,2.17,1504.6,17.125,2.5815,362.5,462.5,860.5
2019-08-22,55.35,59.92,2.159,1497.3,17.014,2.5535,363.25,467.25,856.0
2019-08-23,54.17,59.34,2.152,1526.6,17.395,2.526,359.75,475.25,843.25
2019-08-26,53.64,58.7,2.23,1526.3,17.624,2.54,358.5,473.0,853.75
2019-08-27,54.93,59.51,2.202,1541.0,18.139,2.5435,357.0,473.75,846.25
2019-08-28,55.78,60.49,2.251,1537.8,18.304,2.551,362.75,472.25,852.75
2019-08-29,56.71,61.08,2.296,1526.5,18.167,2.5595,359.75,469.75,856.25
2019-08-30,55.1,60.43,2.285,1519.1,18.185,2.533,358.0,451.25,857.0
2019-09-03,53.94,58.26,2.358,1545.9,19.079,2.5125,349.75,447.25,856.5
2019-09-04,56.26,60.7,2.445,1550.3,19.391,2.579,346.0,456.25,862.5
2019-09-05,56.3,60.95,2.435,1515.4,18.656,2.6245,346.5,464.0,849.75
2019-09-06,56.52,61.54,2.496,1506.2,17.968,2.6155,342.5,460.25,845.0
2019-09-09,57.85,62.59,2.585,1502.2,18.019,2.6105,340.75,474.5,845.0
2019-09-10,57.4,62.38,2.58,1490.3,18.041,2.6105,348.5,484.5,859.25
2019-09-11,55.75,60.81,2.552,1494.4,18.031,2.5975,348.25,477.5,854.0
2019-09-12,55.09,60.38,2.574,1498.7,18.041,2.6235,354.5,485.75,883.0
2019-09-13,54.85,60.22,2.614,1490.9,17.436,2.681,355.5,485.75,884.75
2019-09-16,62.9,69.02,2.681,1503.1,17.901,2.621,374.0,488.75,900.0
2019-09-17,59.34,64.55,2.668,1505.1,18.016,2.6095,368.0,484.25,893.75
2019-09-18,58.11,63.6,2.637,1507.5,17.795,2.5955,371.25,489.5,888.75
2019-09-19,58.13,64.4,2.538,1498.4,17.773,2.591,372.75,488.0,893.0
2019-09-20,58.09,64.28,2.534,1507.3,17.738,2.59,370.75,484.25,882.75
2019-09-23,58.64,64.77,2.527,1523.7,18.6,2.5945,373.25,483.0,892.5
2019-09-24,57.29,63.1,2.503,1532.1,18.517,2.5895,374.75,481.75,894.25
2019-09-25,56.49,62.39,2.502,1504.6,17.962,2.595,374.25,477.25,889.25
2019-09-26,56.41,62.74,2.428,1507.5,17.801,2.56,372.5,484.25,888.5
2019-09-27,55.91,61.91,2.404,1499.1,17.552,2.583,371.5,487.25,883.0
2019-09-30,54.07,60.78,2.33,1465.7,16.898,2.5645,388.0,495.75,906.0
2019-10-01,53.62,58.89,2.283,1482.0,17.202,2.552,392.5,498.75,919.5
2019-10-02,52.64,57.69,2.247,1501.0,17.592,2.5615,387.75,489.0,913.75
2019-10-03,52.45,57.71,2.329,1507.1,17.585,2.5455,388.75,488.75,911.75
2019-10-04,52.81,58.37,2.352,1506.2,17.54,2.5555,384.75,490.5,916.25
2019-10-07,52.75,58.35,2.303,1497.7,17.457,2.572,387.0,489.25,915.25
2019-10-08,52.63,58.24,2.288,1497.2,17.617,2.5635,395.75,500.25,920.5
2019-10-09,52.59,58.32,2.234,1506.1,17.728,2.562,394.25,500.25,923.75
2019-10-10,53.55,59.1,2.218,1494.8,17.52,2.605,380.25,493.0,923.5
2019-10-11,54.7,60.51,2.214,1482.7,17.462,2.6185,397.75,508.0,936.0
2019-10-14,53.59,59.35,2.28,1491.7,17.634,2.6235,397.75,511.0,940.5
2019-10-15,52.81,58.74,2.339,1477.6,17.308,2.604,393.25,507.0,934.0
2019-10-16,53.36,59.42,2.303,1488.0,17.351,2.5795,391.75,513.25,928.0
2019-10-17,53.93,59.91,2.318,1492.3,17.536,2.587,394.75,525.5,931.5
2019-10-18,53.78,59.42,2.32,1488.2,17.502,2.625,391.0,532.25,934.0
2019-10-21,53.31,58.96,2.238,1482.4,17.526,2.635,387.25,523.5,933.25
2019-10-22,54.16,59.7,2.272,1481.7,17.437,2.622,388.0,518.0,934.0
2019-10-23,55.97,61.17,2.282,1489.9,17.517,2.6625,387.75,520.75,933.75
2019-10-24,56.23,61.67,2.316,1498.9,17.739,2.659,386.75,516.0,933.25
2019-10-25,56.66,62.02,2.3,1499.5,17.861,2.6665,386.75,517.75,920.25
2019-10-28,55.81,61.57,2.446,1490.0,17.816,2.6725,384.0,511.75,920.75
2019-10-29,55.54,61.59,2.597,1487.0,17.771,2.6825,386.25,511.5,918.25
2019-10-30,55.06,60.61,2.691,1493.2,17.815,2.6805,390.75,509.25,916.0
2019-10-31,54.18,60.23,2.633,1511.4,18.014,2.633,390.0,508.75,916.75
2019-11-01,56.2,61.69,2.714,1508.0,18.004,2.651,389.25,516.0,924.25
2019-11-04,56.54,62.13,2.821,1508.0,18.014,2.667,383.25,509.75,925.75
2019-11-05,57.23,62.96,2.862,1480.8,17.516,2.695,381.75,515.25,921.75
2019-11-06,56.35,61.74,2.828,1490.2,17.558,2.661,378.75,516.75,915.0
2019-11-07,57.15,62.29,2.772,1464.2,16.97,2.724,375.25,512.5,925.0
2019-11-08,57.24,62.51,2.789,1461.3,16.783,2.678,377.25,510.25,919.5
2019-11-11,56.86,62.18,2.637,1455.5,16.762,2.66,373.25,505.75,905.0
2019-11-12,56.8,62.06,2.621,1452.1,16.677,2.642,377.75,517.0,905.75
2019-11-13,57.12,62.37,2.6,1461.7,16.898,2.6365,375.25,509.0,902.5
2019-11-14,56.77,62.28,2.647,1471.8,17.013,2.6185,375.75,507.75,900.25
2019-11-15,57.72,63.3,2.688,1467.3,16.933,2.635,371.25,502.75,918.25
2019-11-18,57.05,62.44,2.566,1470.9,16.985,2.6175,367.75,507.25,910.25
2019-11-19,55.21,60.91,2.51,1473.3,17.103,2.6535,370.0,512.0,911.5
2019-11-20,57.11,62.4,2.559,1473.3,17.1,2.6465,366.75,515.5,905.0
2019-11-21,58.58,63.97,2.567,1463.1,17.05,2.621,368.5,509.0,901.0
2019-11-22,57.77,63.39,2.665,1463.1,16.985,2.6475,368.75,515.25,897.0
2019-11-25,58.01,63.65,2.531,1456.6,16.871,2.6475,370.5,531.0,892.5
2019-11-26,58.41,64.27,2.47,1459.8,17.03,2.6745,367.5,530.25,884.25
2019-11-27,58.11,64.06,2.501,1453.4,16.912,2.6745,362.75,528.5,882.0
2019-11-29,55.17,62.43,2.281,1465.6,16.969,2.642,371.25,547.5,876.75
2019-12-02,55.96,60.92,2.329,1462.3,16.836,2.6325,373.5,543.25,870.5
2019-12-03,56.1,60.82,2.441,1478.2,17.125,2.608,372.0,530.5,871.0
2019-12-04,58.43,63.0,2.399,1474.0,16.797,2.644,368.75,535.0,878.0
2019-12-05,58.43,63.39,2.427,1476.9,16.942,2.6485,365.5,532.0,884.25
2019-12-06,59.2,64.39,2.334,1459.1,16.481,2.711,366.5,532.5,889.5
2019-12-09,59.02,64.25,2.232,1459.3,16.532,2.7465,365.75,532.0,897.25
2019-12-10,59.24,64.34,2.264,1462.6,16.596,2.7555,363.25,534.75,901.25
2019-12-11,58.76,63.72,2.243,1469.4,16.744,2.7825,357.75,530.75,893.5
2019-12-12,59.18,64.2,2.328,1466.7,16.845,2.7895,367.0,539.25,898.25
2019-12-13,60.07,65.22,2.296,1475.6,16.912,2.7805,366.25,539.25,907.5
2019-12-16,60.21,65.34,2.341,1475.0,17.019,2.8205,388.0,549.75,922.0
2019-12-17,60.94,66.1,2.319,1474.6,16.978,2.8195,390.0,556.25,928.75
2019-12-18,60.93,66.17,2.286,1472.6,16.953,2.817,387.0,548.25,928.5
2019-12-19,61.22,66.54,2.273,1478.2,17.058,2.8315,386.5,545.25,924.5
2019-12-20,60.44,66.14,2.328,1474.7,17.128,2.811,387.75,542.25,928.25
2019-12-23,60.52,66.39,2.214,1482.5,17.403,2.817,388.75,539.5,934.0
2019-12-24,61.11,67.2,2.172,1499.1,17.757,2.8385,387.5,541.0,936.5
2019-12-26,61.68,67.92,2.294,1509.3,17.894,2.8645,388.5,549.0,937.75
2019-12-27,61.72,68.16,2.158,1513.8,17.849,2.8365,390.0,556.25,929.5
2019-12-30,61.68,68.44,2.186,1514.5,17.908,2.8275,388.25,556.0,939.5
2019-12-31,61.06,66.0,2.189,1519.5,17.828,2.794,387.75,558.75,943.0
2020-01-02,61.18,66.25,2.122,1524.5,17.966,2.833,391.5,560.25,944.25
2020-01-03,63.05,68.6,2.13,1549.2,18.068,2.7985,386.5,554.5,930.5
2020-01-06,63.27,68.91,2.135,1566.2,18.097,2.8005,384.75,550.0,932.75
2020-01-07,62.7,68.27,2.162,1571.8,18.316,2.804,384.5,550.25,935.0
2020-01-08,59.61,65.44,2.141,1557.4,18.088,2.819,384.25,552.75,938.25
2020-01-09,59.56,65.37,2.166,1551.7,17.86,2.8105,383.25,562.25,933.75
2020-01-10,59.04,64.98,2.202,1557.5,18.033,2.8185,385.75,564.5,935.0
2020-01-13,58.08,64.2,2.182,1548.4,17.926,2.8615,389.5,562.25,929.25
2020-01-14,58.23,64.49,2.187,1542.4,17.674,2.876,389.0,568.5,928.5
2020-01-15,57.81,64.0,2.12,1552.1,17.923,2.87,387.5,573.25,928.75
2020-01-16,58.52,64.62,2.077,1549.0,17.875,2.852,375.5,565.25,924.0
2020-01-17,58.54,64.85,2.003,1558.8,18.013,2.8495,389.25,570.5,929.75
2020-01-21,58.34,64.59,1.895,1556.4,17.751,2.7985,387.5,581.5,916.0
2020-01-22,56.74,63.21,1.905,1555.3,17.771,2.767,388.75,577.75,913.75
2020-01-23,55.59,62.04,1.926,1564.6,17.773,2.726,393.75,580.5,909.5
2020-01-24,54.19,60.69,1.893,1571.1,18.057,2.6855,387.25,573.5,902.0
2020-01-27,53.14,59.32,1.902,1576.8,18.0,2.5965,380.5,572.25,897.25
2020-01-28,53.48,59.51,1.934,1569.2,17.402,2.5795,386.5,569.75,895.0
2020-01-29,53.33,59.81,1.877,1569.8,17.431,2.5535,384.25,562.25,893.0
2020-01-30,52.14,58.29,1.829,1583.5,17.952,2.5235,379.5,560.5,876.25
2020-01-31,51.56,58.16,1.841,1582.9,17.972,2.52,381.25,553.75,872.5
2020-02-03,50.11,54.45,1.819,1577.2,17.64,2.513,378.75,555.5,877.0
2020-02-04,49.61,53.96,1.872,1550.4,17.528,2.5475,382.25,557.25,879.5
2020-02-05,50.75,55.28,1.861,1557.8,17.569,2.579,380.75,562.0,880.0
2020-02-06,50.95,54.93,1.862,1565.1,17.789,2.5985,379.25,556.25,881.0
2020-02-07,50.32,54.47,1.858,1568.6,17.665,2.559,383.5,558.75,882.0
2020-02-10,49.57,53.27,1.766,1574.7,17.758,2.5575,381.75,552.0,884.25
2020-02-11,49.94,54.01,1.788,1565.6,17.573,2.5885,379.75,542.0,884.75
2020-02-12,51.17,55.79,1.844,1567.4,17.478,2.606,383.0,547.5,892.5
2020-02-13,51.42,56.34,1.826,1575.1,17.6,2.6195,379.5,544.25,896.25
2020-02-14,52.05,57.32,1.837,1582.7,17.715,2.6055,377.75,542.75,893.75
2020-02-18,52.05,57.75,1.981,1600.0,18.131,2.61,383.0,566.75,892.25
2020-02-19,53.29,59.12,1.955,1607.5,18.292,2.6125,380.5,565.25,897.25
2020-02-20,53.78,59.31,1.92,1616.6,18.309,2.595,378.5,560.0,892.75
2020-02-21,53.38,58.5,1.905,1644.6,18.521,2.618,377.0,551.0,890.5
2020-02-24,51.43,56.3,1.827,1672.4,18.868,2.5925,372.25,536.25,874.25
2020-02-25,49.9,54.95,1.847,1646.9,18.183,2.5965,372.5,539.0,879.0
2020-02-26,48.73,53.43,1.821,1640.0,17.826,2.5765,370.5,540.25,881.0
2020-02-27,47.09,52.18,1.752,1640.0,17.658,2.5715,364.5,529.25,886.25
2020-02-28,44.76,50.52,1.684,1564.1,16.387,2.546,366.5,529.0,883.5
2020-03-02,46.75,51.9,1.756,1592.3,16.679,2.601,374.75,526.25,890.5
2020-03-03,47.18,51.86,1.8,1642.1,17.129,2.5795,381.75,528.75,893.0
2020-03-04,46.78,51.13,1.827,1641.1,17.187,2.593,387.0,521.5,898.75
2020-03-05,45.9,49.99,1.772,1666.4,17.342,2.5825,384.5,524.25,889.0
2020-03-06,41.28,45.27,1.708,1670.8,17.214,2.573,377.25,521.25,883.25
2020-03-09,31.13,34.36,1.778,1674.5,17.001,2.524,374.25,522.25,863.5
2020-03-10,34.36,37.22,1.936,1659.1,16.906,2.534,380.0,526.75,873.0
2020-03-11,32.98,35.79,1.878,1641.4,16.729,2.512,379.25,517.25,867.75
2020-03-12,31.5,33.22,1.841,1589.3,15.961,2.481,369.75,508.25,855.0
2020-03-13,31.73,33.85,1.869,1515.7,14.456,2.474,370.75,514.75,846.75
2020-03-16,28.7,30.05,1.815,1485.9,12.772,2.3985,354.75,498.0,821.75
2020-03-17,26.95,28.73,1.729,1524.9,12.469,2.3155,344.0,499.25,824.25
2020-03-18,20.37,24.88,1.604,1477.3,11.735,2.1605,335.25,508.25,825.5
2020-03-19,25.22,28.47,1.654,1478.6,12.097,2.2,345.5,535.0,843.25
2020-03-20,22.43,26.98,1.604,1484.0,12.349,2.1905,343.75,539.25,862.5
2020-03-23,23.36,27.03,1.602,1567.0,13.225,2.1195,343.5,562.5,884.0
2020-03-24,24.01,27.15,1.653,1660.2,14.229,2.1975,347.25,561.5,886.75
2020-03-25,24.49,27.39,1.659,1632.3,14.837,2.234,348.5,580.0,881.5
2020-03-26,22.6,26.34,1.637,1650.1,14.64,2.208,348.75,569.0,880.25
2020-03-27,21.51,24.93,1.634,1623.9,14.498,2.197,346.0,571.25,881.5
2020-03-30,20.09,22.76,1.69,1622.0,14.074,2.162,341.25,569.5,882.25
2020-03-31,20.48,22.74,1.64,1583.4,14.098,2.24,340.75,568.75,886.0
2020-04-01,20.31,24.74,1.587,1578.2,13.926,2.192,334.75,550.25,862.75
2020-04-02,25.32,29.94,1.552,1625.7,14.596,2.233,333.5,541.75,858.75
2020-04-03,28.34,34.11,1.621,1633.7,14.436,2.21,330.75,549.25,854.25
2020-04-06,26.08,33.05,1.731,1677.0,15.111,2.235,327.75,555.75,855.5
2020-04-07,23.63,31.87,1.852,1664.8,15.422,2.2885,331.5,549.25,854.75
2020-04-08,25.09,32.84,1.783,1665.4,15.147,2.278,330.0,548.25,854.5
2020-04-09,22.76,31.48,1.733,1736.2,15.995,2.2775,331.75,556.5,863.5
2020-04-13,22.41,31.74,1.724,1744.8,15.479,2.3205,331.5,555.0,854.25
2020-04-14,20.11,29.6,1.65,1756.7,16.072,2.347,326.0,548.75,847.0
2020-04-15,19.87,27.69,1.598,1727.2,15.447,2.3125,319.25,540.25,842.0
2020-04-16,19.87,27.82,1.686,1720.4,15.564,2.3045,319.75,529.75,836.75
2020-04-17,18.27,28.08,1.753,1689.2,15.237,2.3535,322.25,533.5,832.5
2020-04-20,-37.63,25.57,1.924,1701.6,15.556,2.3345,314.25,548.75,826.5
2020-04-21,10.01,19.33,1.821,1678.2,14.818,2.267,309.25,546.75,830.75
2020-04-22,13.78,20.37,1.939,1728.7,15.277,2.3175,317.5,543.0,834.75
2020-04-23,16.5,21.33,1.815,1733.3,15.348,2.324,319.25,547.0,839.25
2020-04-24,16.94,21.44,1.746,1723.5,15.254,2.348,315.75,526.75,832.25
2020-04-27,12.78,19.99,1.819,1711.9,15.201,2.382,305.5,521.0,829.0
2020-04-28,12.34,20.46,1.794,1710.5,15.162,2.379,302.75,526.75,826.0
2020-04-29,15.06,22.54,1.869,1703.4,15.16,2.3745,304.5,519.5,831.75
2020-04-30,18.84,25.27,1.949,1684.2,14.898,2.354,311.5,529.75,850.25
2020-05-01,19.78,26.44,1.89,1694.5,14.863,2.3185,311.5,521.5,847.25
2020-05-04,20.39,27.2,1.993,1706.9,14.722,2.324,310.75,524.25,834.0
2020-05-05,24.56,30.97,2.134,1704.4,15.057,2.341,313.0,525.5,838.25
2020-05-06,23.99,29.72,1.944,1684.2,14.987,2.3525,311.75,524.75,830.5
2020-05-07,23.55,29.46,1.894,1721.8,15.562,2.3855,316.0,529.0,841.5
2020-05-08,24.74,30.97,1.823,1709.9,15.74,2.4085,319.0,529.5,848.75
2020-05-11,24.14,29.63,1.826,1695.3,15.636,2.382,318.5,524.75,852.25
2020-05-12,25.78,29.98,1.72,1704.4,15.687,2.3605,323.75,521.75,849.25
2020-05-13,25.29,29.19,1.616,1713.9,15.663,2.349,320.25,510.5,836.0
2020-05-14,27.56,31.13,1.681,1738.1,16.136,2.351,320.25,510.5,835.25
2020-05-15,29.43,32.5,1.646,1753.4,17.046,2.3335,319.25,500.25,838.5
2020-05-18,31.82,34.81,1.783,1731.8,17.464,2.405,320.75,497.0,845.0
2020-05-19,32.5,34.65,1.83,1744.2,17.892,2.423,321.25,498.75,842.5
2020-05-20,33.49,35.75,1.771,1750.6,18.002,2.4675,319.5,513.75,846.75
2020-05-21,33.92,36.06,1.71,1720.5,17.335,2.452,317.75,516.0,835.0
2020-05-22,33.25,35.13,1.731,1734.6,17.664,2.409,318.0,508.75,833.25
2020-05-26,34.35,36.17,1.793,1704.8,17.565,2.4385,319.0,506.75,847.0
2020-05-27,32.81,34.74,1.722,1710.3,17.686,2.4025,320.5,504.5,848.5
2020-05-28,33.71,35.29,1.827,1713.3,17.895,2.413,327.5,514.5,847.0
2020-05-29,35.49,35.33,1.849,1751.7,18.44,2.4265,325.75,520.75,840.75
2020-06-01,35.44,38.32,1.774,1750.3,18.768,2.4745,323.25,515.25,840.5
2020-06-02,36.81,39.57,1.777,1734.0,18.207,2.4945,324.25,508.0,850.5
2020-06-03,37.29,39.79,1.821,1704.8,17.921,2.4965,324.0,512.0,857.5
2020-06-04,37.41,39.99,1.822,1727.4,18.024,2.493,329.0,523.75,867.75
2020-06-05,39.55,42.3,1.782,1683.0,17.443,2.557,331.25,515.25,867.75
2020-06-08,38.19,40.8,1.789,1705.1,17.868,2.57,333.75,511.5,864.75
2020-06-09,38.94,41.18,1.767,1721.9,17.774,2.6005,327.5,504.5,863.25
2020-06-10,39.6,41.73,1.78,1720.7,17.776,2.657,326.25,506.25,865.5
2020-06-11,36.34,38.55,1.813,1739.8,17.869,2.5865,329.75,499.25,866.0
2020-06-12,36.26,38.73,1.731,1737.3,17.462,2.6015,330.0,502.0,871.25
2020-06-15,37.12,39.72,1.669,1727.2,17.379,2.5685,329.25,504.75,869.0
2020-06-16,38.38,40.96,1.614,1736.5,17.632,2.566,329.0,496.0,867.0
2020-06-17,37.96,40.71,1.638,1735.6,17.757,2.592,330.25,488.75,871.25
2020-06-18,38.84,41.51,1.638,1731.1,17.493,2.591,331.0,483.5,873.0
2020-06-19,39.75,42.19,1.669,1753.0,17.832,2.615,332.5,481.25,876.5
2020-06-22,40.46,43.08,1.664,1766.4,17.887,2.6555,328.25,485.0,876.25
2020-06-23,40.37,42.63,1.637,1782.0,18.051,2.66,325.0,486.0,875.0
2020-06-24,38.01,40.31,1.597,1775.1,17.658,2.6505,324.25,481.25,870.75
2020-06-25,38.72,41.05,1.482,1770.6,17.883,2.6625,317.25,486.75,869.25
2020-06-26,38.49,41.02,1.495,1780.3,18.023,2.672,317.0,474.0,865.0
2020-06-29,39.7,41.71,1.709,1781.2,17.98,2.6795,326.25,485.5,866.5
2020-06-30,39.27,41.15,1.751,1800.5,18.541,2.7135,338.5,490.0,884.25
2020-07-01,39.82,42.03,1.671,1779.9,18.133,2.717,348.25,498.75,893.75
2020-07-02,40.65,43.14,1.734,1790.0,18.244,2.7335,342.5,490.0,892.5
2020-07-06,40.63,43.1,1.83,1793.5,18.504,2.766,346.5,489.5,898.5
2020-07-07,40.62,43.08,1.876,1809.9,18.628,2.7875,345.0,492.25,895.25
2020-07-08,40.9,43.29,1.824,1820.6,19.081,2.8145,348.25,517.5,894.75
2020-07-09,39.62,42.35,1.779,1803.8,18.882,2.828,351.25,526.25,898.25
2020-07-10,40.55,43.24,1.805,1801.9,18.983,2.887,340.5,535.75,891.5
2020-07-13,40.1,42.72,1.739,1814.1,19.709,2.942,334.0,524.75,876.5
2020-07-14,40.29,42.9,1.746,1813.4,19.451,2.916,334.75,524.75,882.25
2020-07-15,41.2,43.79,1.778,1813.8,19.685,2.8705,326.25,550.75,886.25
2020-07-16,40.75,43.37,1.723,1800.3,19.497,2.886,330.25,535.25,893.5
2020-07-17,40.59,43.14,1.718,1810.0,19.685,2.8875,333.0,534.75,898.0
2020-07-20,40.81,43.28,1.641,1817.4,20.124,2.8985,328.25,522.0,903.0
2020-07-21,41.96,44.32,1.675,1843.9,21.497,2.941,322.75,527.75,896.5
2020-07-22,41.9,44.29,1.681,1865.1,23.083,2.9085,327.5,534.5,899.25
2020-07-23,41.07,43.31,1.785,1890.0,22.945,2.9245,328.0,529.5,906.25
2020-07-24,41.29,43.34,1.808,1897.5,22.808,2.882,326.25,539.5,904.75
2020-07-27,41.6,43.41,1.734,1931.0,24.476,2.888,325.0,527.75,906.5
2020-07-28,41.04,43.22,1.8,1944.6,24.266,2.905,320.0,523.5,896.75
2020-07-29,41.27,43.75,1.854,1953.4,24.293,2.9055,315.5,532.75,891.5
2020-07-30,39.92,42.94,1.829,1942.3,23.34,2.9045,315.75,529.5,891.75
2020-07-31,40.27,43.3,1.799,1962.8,24.189,2.859,316.0,531.25,897.5
2020-08-03,41.01,44.15,2.101,1966.0,24.39,2.908,317.5,521.0,897.5
2020-08-04,41.7,44.43,2.193,2021.0,26.012,2.8895,308.25,508.25,883.75
2020-08-05,42.19,45.17,2.191,2049.3,26.877,2.9115,311.0,510.75,882.0
2020-08-06,41.95,45.09,2.165,2069.3999,28.387,2.9055,311.25,501.25,880.75
2020-08-07,41.22,44.4,2.238,2028.0,27.533,2.7905,307.75,495.5,870.25
2020-08-10,41.94,44.99,2.153,2039.7,29.249,2.8585,310.5,491.0,876.5
2020-08-11,41.61,44.5,2.171,1946.3,26.037,2.872,311.5,495.0,878.0
2020-08-12,42.67,45.43,2.152,1949.0,25.955,2.887,314.5,491.25,890.5
2020-08-13,42.24,44.96,2.182,1970.4,27.694,2.804,325.25,496.75,907.25
2020-08-14,42.01,44.8,2.356,1949.8,26.065,2.856,324.5,500.0,903.5
2020-08-17,42.89,45.37,2.339,1998.7,27.643,2.898,331.0,516.5,912.5
2020-08-18,42.89,45.46,2.417,2013.1,28.049,2.971,327.0,507.5,912.0
2020-08-19,42.93,45.37,2.426,1970.3,27.315,3.019,325.0,512.0,912.5
2020-08-20,42.58,44.9,2.352,1946.5,27.122,2.97,324.5,519.5,903.0
2020-08-21,42.34,44.35,2.448,1947.0,26.707,2.9135,327.0,527.25,900.75
2020-08-24,42.62,45.13,2.513,1939.2,26.588,2.9225,331.75,520.75,899.75
2020-08-25,43.35,45.86,2.489,1923.1,26.254,2.931,340.75,527.25,913.75
2020-08-26,43.39,45.64,2.461,1952.5,27.43,2.9595,340.5,532.0,919.5
2020-08-27,43.04,45.09,2.579,1932.6,27.01,2.965,344.25,542.5,937.25
2020-08-28,42.97,45.05,2.657,1974.9,27.61,2.995,346.0,539.25,950.5
2020-08-31,42.61,45.28,2.63,1978.6,28.437,3.041,348.5,544.25,951.25
2020-09-01,42.76,45.58,2.527,1978.9,28.486,3.0095,349.5,555.75,955.0
2020-09-02,41.51,44.43,2.486,1944.7,27.249,3.003,349.75,547.75,962.5
2020-09-03,41.37,44.07,2.487,1937.8,26.735,2.958,344.5,543.25,968.75
2020-09-04,39.77,42.66,2.588,1934.3,26.576,3.0465,347.25,539.75,969.5
2020-09-08,36.76,39.78,2.4,1943.2,26.864,3.0125,351.0,533.25,973.0
2020-09-09,38.05,40.79,2.406,1954.9,26.955,3.04,350.0,534.0,979.75
2020-09-10,37.3,40.06,2.323,1964.3,27.163,2.987,357.25,540.0,985.0
2020-09-11,37.33,39.83,2.269,1947.9,26.739,3.034,365.0,533.75,1005.5
2020-09-14,37.26,39.61,2.31,1963.7,27.229,3.0665,357.5,548.5,1019.25
2020-09-15,38.28,40.53,2.362,1966.2,27.346,3.063,366.0,538.25,991.5
2020-09-16,40.16,42.22,2.267,1970.5,27.355,3.058,371.75,542.0,1011.25
2020-09-17,40.97,43.3,2.042,1949.9,26.985,3.0665,375.25,556.25,1028.5
2020-09-18,41.11,43.15,2.048,1962.1,27.028,3.1135,378.5,575.0,1043.5
2020-09-21,39.31,41.44,1.835,1910.6,24.299,3.0295,369.75,554.75,1022.5
2020-09-22,39.6,41.72,1.834,1907.6,24.442,3.059,369.25,558.0,1019.75
2020-09-23,39.93,41.77,2.125,1868.4,23.014,2.9935,368.5,549.0,1014.5
2020-09-24,40.31,41.94,2.248,1876.9,23.118,2.969,363.5,549.75,1000.0
2020-09-25,40.25,41.92,2.139,1866.3,23.017,2.973,365.25,544.25,1002.5
2020-09-28,40.6,42.43,2.101,1882.3,23.528,2.9895,366.75,550.25,996.25
2020-09-29,39.29,41.03,2.561,1903.2,24.38,2.9835,364.75,549.5,993.0
2020-09-30,40.22,40.95,2.527,1895.5,23.433,3.0285,379.0,578.0,1023.5
2020-10-01,38.72,40.93,2.527,1916.3,24.193,2.8635,382.75,570.25,1023.5
2020-10-02,37.05,39.27,2.438,1907.6,23.971,2.9785,379.75,573.25,1020.75
2020-10-05,39.22,41.29,2.615,1920.1,24.502,2.965,379.5,584.25,1021.5
2020-10-06,40.67,42.65,2.52,1908.8,23.87,2.9655,385.0,592.75,1044.0
2020-10-07,39.95,41.99,2.606,1890.8,23.848,3.0345,388.75,607.5,1051.0
2020-10-08,41.19,43.34,2.627,1895.1,23.837,3.042,387.0,595.25,1050.0
2020-10-09,40.6,42.85,2.741,1926.2,25.069,3.0795,395.0,593.75,1065.5
2020-10-12,39.43,41.72,2.881,1928.9,25.226,3.061,389.0,594.25,1033.75
2020-10-13,40.2,42.45,2.855,1894.6,24.086,3.0425,391.25,594.0,1044.0
2020-10-14,41.04,43.32,2.636,1907.3,24.364,3.0475,396.5,596.75,1056.25
2020-10-15,40.96,43.16,2.775,1908.9,24.193,3.083,403.75,618.25,1062.25
2020-10-16,40.88,42.93,2.773,1906.4,24.369,3.065,402.0,625.25,1050.0
2020-10-19,40.83,42.62,2.795,1911.7,24.657,3.081,405.25,627.0,1054.25
2020-10-20,41.46,43.16,2.913,1915.4,24.937,3.1435,408.75,632.0,1064.0
2020-10-21,40.03,41.73,3.023,1929.5,25.197,3.1945,413.75,629.75,1072.0
2020-10-22,40.64,42.46,3.007,1904.6,24.665,3.15,416.25,622.75,1073.75
2020-10-23,39.85,41.77,2.971,1905.2,24.627,3.1255,419.25,632.75,1083.75
2020-10-26,38.56,40.46,3.024,1905.7,24.376,3.0885,417.75,620.0,1087.75
2020-10-27,39.57,41.2,3.019,1911.9,24.526,3.09,416.0,615.75,1082.25
2020-10-28,37.39,39.12,2.996,1879.2,23.324,3.057,401.5,608.75,1057.25
2020-10-29,36.17,37.65,3.301,1868.0,23.339,3.052,398.5,603.75,1051.75
2020-10-30,35.79,37.46,3.354,1879.9,23.617,3.0435,398.5,598.5,1056.5
2020-11-02,36.81,38.97,3.244,1892.5,24.006,3.0735,397.5,607.5,1050.75
2020-11-03,37.66,39.71,3.059,1910.4,24.305,3.087,401.0,608.0,1059.0
2020-11-04,39.15,41.23,3.046,1896.2,23.864,3.101,405.25,606.0,1079.0
2020-11-05,38.79,40.93,2.942,1946.8,25.171,3.1045,409.25,609.25,1101.75
2020-11-06,37.14,39.45,2.888,1951.7,25.646,3.149,406.75,602.0,1098.5
2020-11-09,40.29,42.4,2.859,1854.4,23.685,3.1515,407.5,597.5,1105.0
2020-11-10,41.36,43.61,2.949,1876.4,24.446,3.1505,423.0,608.5,1138.25
2020-11-11,41.45,43.8,3.031,1861.6,24.251,3.129,417.25,598.0,1143.25
2020-11-12,41.12,43.53,2.976,1873.3,24.29,3.143,408.25,588.25,1137.0
2020-11-13,40.13,42.78,2.995,1886.2,24.759,3.1755,410.5,593.5,1141.5
2020-11-16,41.34,43.82,2.697,1887.8,24.786,3.22,416.25,598.0,1153.5
2020-11-17,41.43,43.75,2.692,1885.1,24.635,3.1965,420.25,595.25,1169.75
2020-11-18,41.82,44.34,2.712,1873.9,24.433,3.198,425.75,597.75,1175.75
2020-11-19,41.74,44.2,2.592,1861.5,24.033,3.2035,422.5,591.75,1177.5
2020-11-20,42.15,44.96,2.65,1872.4,24.348,3.2935,423.25,593.25,1181.0
2020-11-23,43.06,46.06,2.711,1837.8,23.624,3.2595,426.5,598.75,1191.5
2020-11-24,44.91,47.86,2.775,1804.6,23.292,3.3,425.75,611.25,1191.25
2020-11-25,45.71,48.61,2.896,1805.5,23.356,3.312,420.0,588.25,1184.0
2020-11-27,45.53,48.18,2.843,1781.9,22.553,3.3995,425.5,596.5,1191.75
2020-11-30,45.34,47.59,2.882,1775.7,22.534,3.4205,419.75,580.25,1168.5
2020-12-01,44.55,47.42,2.88,1814.1,24.033,3.468,414.75,565.5,1162.0
2020-12-02,45.28,48.25,2.78,1830.2,24.025,3.475,419.0,578.0,1153.0
2020-12-03,45.64,48.71,2.507,1841.1,24.087,3.479,422.5,571.75,1168.25
2020-12-04,46.26,49.25,2.575,1840.0,24.203,3.514,417.0,566.5,1163.0
2020-12-07,45.76,48.79,2.406,1866.0,24.741,3.5085,419.5,571.25,1158.5
2020-12-08,45.6,48.84,2.399,1874.9,24.684,3.494,417.0,563.75,1145.75
2020-12-09,45.52,48.86,2.442,1838.5,23.93,3.508,422.0,577.0,1158.5
2020-12-10,46.78,50.25,2.553,1837.4,24.031,3.5705,420.25,590.25,1152.75
2020-12-11,46.57,49.97,2.591,1843.6,24.032,3.524,424.25,608.25,1160.5
2020-12-14,46.99,50.29,2.682,1832.1,23.985,3.522,419.25,593.5,1169.5
2020-12-15,47.62,50.76,2.682,1855.3,24.581,3.538,424.75,599.75,1184.25
2020-12-16,47.82,51.08,2.677,1859.1,24.985,3.554,427.25,598.5,1183.75
2020-12-17,48.36,51.5,2.636,1890.4,26.1,3.597,432.5,608.75,1201.25
2020-12-18,49.1,52.26,2.7,1888.9,25.949,3.6285,437.5,608.25,1220.0
2020-12-21,47.74,50.91,2.705,1882.8,26.278,3.573,440.0,611.25,1243.25
2020-12-22,47.02,50.08,2.78,1870.3,25.434,3.518,443.5,617.0,1247.25
2020-12-23,48.12,51.2,2.608,1878.1,25.824,3.552,447.25,629.75,1258.75
2020-12-24,48.23,51.29,2.518,1883.2,25.811,3.56,451.0,627.0,1263.5
2020-12-28,47.62,50.86,2.305,1880.4,26.46,3.57,456.5,614.25,1255.25
2020-12-29,48.0,51.09,2.467,1882.9,26.138,3.553,466.0,618.5,1295.5
2020-12-30,48.4,51.34,2.422,1893.4,26.488,3.543,474.5,640.75,1303.75
2020-12-31,48.52,51.8,2.539,1895.1,26.332,3.514,484.0,640.5,1315.25
2021-01-04,47.62,51.09,2.581,1946.6,27.284,3.553,483.75,642.0,1316.5
2021-01-05,49.93,53.6,2.702,1954.4,27.571,3.6405,491.75,654.0,1350.0
2021-01-06,50.63,54.3,2.716,1908.6,26.973,3.65,495.0,647.5,1365.25
2021-01-07,50.83,54.38,2.729,1913.6,27.2,3.6955,494.0,642.25,1360.5
2021-01-08,52.24,55.99,2.7,1835.4,24.582,3.6735,496.25,638.75,1375.75
2021-01-11,52.25,55.66,2.747,1850.8,25.239,3.564,492.25,634.75,1374.5
2021-01-12,53.21,56.58,2.753,1844.2,25.384,3.605,517.25,665.0,1422.0
2021-01-13,52.91,56.06,2.727,1854.9,25.52,3.617,524.5,660.5,1411.0
2021-01-14,53.57,56.42,2.666,1851.4,25.746,3.668,534.25,670.0,1436.5
2021-01-15,52.36,55.1,2.737,1829.9,24.825,3.603,531.5,675.5,1416.75
2021-01-19,52.98,55.9,2.546,1840.2,25.279,3.636,526.0,672.25,1385.75
2021-01-20,53.24,56.08,2.539,1866.5,25.734,3.6475,522.0,667.75,1369.5
2021-01-21,53.13,56.1,2.491,1865.9,25.822,3.6555,524.25,660.75,1370.25
2021-01-22,52.27,55.41,2.446,1856.2,25.524,3.6355,500.5,634.5,1311.75
2021-01-25,52.77,55.88,2.602,1855.2,25.455,3.6405,511.5,648.5,1343.5
2021-01-26,52.61,55.91,2.656,1850.9,25.529,3.628,532.25,665.25,1370.25
2021-01-27,52.85,55.81,2.76,1844.9,25.376,3.5715,534.0,658.25,1374.75
2021-01-28,52.34,55.53,2.664,1837.9,25.909,3.583,534.5,647.0,1353.25
2021-01-29,52.2,55.88,2.564,1847.3,26.9,3.5735,547.0,663.0,1370.0
2021-02-01,53.55,56.35,2.85,1863.9,29.398,3.562,549.25,651.0,1365.25
2021-02-02,54.76,57.46,2.845,1833.4,26.384,3.539,543.0,644.75,1354.75
2021-02-03,55.69,58.46,2.789,1835.1,26.878,3.5785,552.0,648.25,1371.25
2021-02-04,56.23,58.84,2.935,1791.2,26.223,3.566,550.0,637.5,1372.5
2021-02-05,56.85,59.34,2.863,1813.0,27.014,3.639,548.5,641.25,1366.75
2021-02-08,57.97,60.56,2.882,1834.2,27.57,3.679,563.75,655.75,1387.75
2021-02-09,58.36,61.09,2.835,1837.5,27.396,3.7335,556.25,649.5,1401.75
2021-02-10,58.68,61.47,2.911,1842.7,27.074,3.7855,534.5,635.5,1354.0
2021-02-11,58.24,61.14,2.868,1826.8,27.042,3.7875,541.0,633.5,1367.5
2021-02-12,59.47,62.43,2.912,1823.2,27.323,3.802,538.75,636.75,1372.0
2021-02-16,60.05,63.35,3.129,1799.0,27.319,3.848,552.25,657.5,1384.75
2021-02-17,61.14,64.34,3.219,1772.8,27.314,3.836,553.0,644.0,1383.75
2021-02-18,60.52,63.93,3.082,1775.0,27.077,3.9165,550.25,662.5,1375.0
2021-02-19,59.24,62.91,3.069,1777.4,27.252,4.09,542.75,650.75,1377.25
2021-02-22,61.49,65.24,2.953,1808.4,28.083,4.1525,551.0,664.0,1383.75
2021-02-23,61.67,65.37,2.879,1805.9,27.686,4.1875,553.75,665.75,1406.0
2021-02-24,63.22,67.04,2.854,1797.9,27.857,4.301,559.25,680.25,1423.75
2021-02-25,63.53,66.88,2.777,1775.4,27.637,4.266,554.75,671.75,1406.0
2021-02-26,61.5,66.13,2.771,1728.8,26.402,4.0945,555.5,655.0,1405.25
2021-03-01,60.64,63.69,2.777,1723.0,26.647,4.1195,547.5,643.75,1392.5
2021-03-02,59.75,62.7,2.839,1733.6,26.85,4.2315,560.75,663.25,1414.0
2021-03-03,61.28,64.07,2.816,1715.8,26.357,4.153,550.25,652.0,1410.75
2021-03-04,63.83,66.74,2.746,1700.7,25.434,3.991,546.25,649.75,1415.25
2021-03-05,66.09,69.36,2.701,1698.5,25.257,4.087,562.0,654.0,1434.25
2021-03-08,65.05,68.24,2.664,1678.0,25.24,4.1035,565.0,646.5,1437.75
2021-03-09,64.01,67.52,2.662,1716.9,26.148,4.0195,562.0,656.5,1441.25
2021-03-10,64.44,67.9,2.692,1721.8,26.102,4.042,547.75,650.75,1411.5
2021-03-11,66.02,69.63,2.668,1722.6,26.162,4.143,555.0,636.25,1415.5
2021-03-12,65.61,69.22,2.6,1719.8,25.88,4.1455,549.25,631.75,1415.75
2021-03-15,65.39,68.88,2.484,1729.2,26.253,4.1465,549.5,645.0,1419.5
2021-03-16,64.8,68.39,2.562,1730.9,25.974,4.079,554.25,647.0,1423.25
2021-03-17,64.6,68.0,2.528,1727.1,26.03,4.128,558.0,640.0,1417.75
2021-03-18,60.0,63.28,2.481,1732.5,26.321,4.117,546.5,630.5,1392.25
2021-03-19,61.42,64.53,2.535,1741.7,26.292,4.1235,557.75,627.0,1416.25
2021-03-22,61.55,64.62,2.582,1738.1,25.741,4.149,549.0,627.25,1417.5
2021-03-23,57.76,60.79,2.508,1725.1,25.2,4.088,551.25,634.75,1423.25
2021-03-24,61.18,64.41,2.518,1733.2,25.201,4.0715,553.25,624.75,1432.75
2021-03-25,58.56,61.95,2.57,1725.1,25.022,3.985,546.5,612.5,1414.25
2021-03-26,60.97,64.57,2.557,1732.3,25.092,4.0785,552.5,613.25,1400.5
2021-03-29,61.56,64.98,2.586,1712.2,24.747,4.043,546.75,616.75,1393.0
2021-03-30,60.55,64.14,2.623,1683.9,24.121,3.983,539.25,601.75,1366.75
2021-03-31,59.16,63.54,2.608,1713.8,24.517,4.003,564.25,618.0,1436.75
2021-04-01,61.45,64.86,2.639,1728.4,24.935,4.0035,559.75,611.0,1402.0
2021-04-05,58.65,62.15,2.511,1728.8,24.763,4.149,553.25,618.0,1412.75
2021-04-06,59.33,62.74,2.456,1743.0,25.212,4.1265,554.25,615.5,1418.75
2021-04-07,59.77,63.16,2.52,1741.6,25.233,4.064,560.5,616.25,1408.75
2021-04-08,59.6,63.2,2.522,1758.2,25.569,4.1035,579.75,628.75,1415.25
2021-04-09,59.32,62.95,2.526,1744.8,25.311,4.0505,577.25,638.75,1403.0
2021-04-12,59.7,63.28,2.561,1732.7,24.853,4.03,569.0,628.0,1382.0
2021-04-13,60.18,63.67,2.619,1747.6,25.417,4.043,580.0,629.75,1389.5
2021-04-14,63.15,66.58,2.618,1736.3,25.515,4.14,594.0,648.0,1410.0
2021-04-15,63.46,66.94,2.658,1766.8,25.956,4.2305,590.0,653.75,1418.25
2021-04-16,63.13,66.77,2.68,1780.2,26.099,4.18,585.5,652.5,1433.25
2021-04-19,63.38,67.05,2.749,1770.6,25.831,4.25,592.0,652.25,1449.75
2021-04-20,62.44,66.57,2.727,1778.4,25.835,4.224,606.5,659.75,1472.0
2021-04-21,61.35,65.32,2.692,1793.1,26.565,4.2865,625.5,673.25,1497.25
2021-04-22,61.43,65.4,2.749,1782.0,26.174,4.2805,650.5,710.25,1533.25
2021-04-23,62.14,66.11,2.73,1777.8,26.077,4.343,655.5,710.25,1539.75
2021-04-26,61.91,65.65,2.79,1780.1,26.211,4.448,680.5,739.5,1569.0
2021-04-27,62.94,66.42,2.873,1778.8,26.412,4.743,695.5,733.75,1549.75
2021-04-28,63.86,67.27,2.925,1773.9,26.081,4.537,686.25,725.25,1557.75
2021-04-29,65.01,68.56,2.911,1768.3,26.053,4.493,702.0,737.5,1542.5
2021-04-30,63.58,67.25,2.931,1767.7,25.853,4.479,740.0,742.5,1571.0
2021-05-03,64.49,67.56,2.966,1791.8,26.943,4.543,732.25,725.5,1560.25
2021-05-04,65.69,68.88,2.967,1776.0,26.539,4.536,744.75,737.0,1577.0
2021-05-05,65.63,68.96,2.938,1784.3,26.502,4.539,753.25,755.75,1582.0
2021-05-06,64.71,68.09,2.928,1815.7,27.462,4.619,759.5,764.25,1605.5
2021-05-07,64.9,68.28,2.958,1831.3,27.462,4.766,772.75,773.5,1621.0
2021-05-10,64.92,68.32,2.932,1837.6,27.479,4.7335,748.0,742.5,1620.0
2021-05-11,65.28,68.55,2.955,1836.1,27.657,4.7785,759.5,759.75,1637.5
2021-05-12,66.08,69.32,2.969,1822.8,27.231,4.7525,757.5,754.75,1660.5
2021-05-13,63.82,67.05,2.973,1824.0,27.044,4.7055,719.0,726.5,1612.25
2021-05-14,65.37,68.71,2.961,1838.1,27.353,4.664,685.0,727.25,1603.75
2021-05-17,66.27,69.46,3.109,1867.6,28.26,4.7215,652.5,699.75,1587.5
2021-05-18,65.49,68.71,3.012,1868.0,28.314,4.7355,658.25,698.0,1574.25
2021-05-19,63.36,66.66,2.964,1881.5,28.008,4.5895,658.25,679.25,1538.25
2021-05-20,62.05,65.11,2.925,1881.9,28.052,4.582,664.5,675.25,1533.25
2021-05-21,63.58,66.44,2.906,1876.7,27.473,4.496,659.5,674.25,1526.25
2021-05-24,66.05,68.46,2.886,1884.5,27.887,4.5415,657.25,662.25,1522.75
2021-05-25,66.07,68.65,2.913,1898.0,28.037,4.522,620.25,656.5,1511.75
2021-05-26,66.21,68.87,2.984,1901.2,27.853,4.533,624.5,648.5,1503.5
2021-05-27,66.85,69.46,2.958,1895.7,27.919,4.6665,664.5,676.25,1537.0
2021-05-28,66.32,69.63,2.986,1902.5,27.993,4.6825,656.75,663.5,1530.5
2021-06-01,67.72,70.25,3.104,1905.0,28.083,4.662,688.75,693.5,1548.5
2021-06-02,68.83,71.35,3.075,1909.9,28.186,4.6,675.0,687.5,1562.5
2021-06-03,68.81,71.31,3.041,1873.3,27.46,4.4715,662.0,676.25,1549.25
2021-06-04,69.62,71.89,3.097,1892.0,27.879,4.5375,682.75,687.75,1583.75
2021-06-07,69.23,71.49,3.07,1898.8,28.001,4.535,679.25,680.0,1560.25
2021-06-08,70.05,72.22,3.128,1894.4,27.715,4.563,680.0,685.0,1580.0
2021-06-09,69.96,72.22,3.129,1895.5,27.985,4.5365,690.75,682.25,1562.5
2021-06-10,70.29,72.52,3.149,1896.4,28.015,4.49,699.0,683.75,1544.0
2021-06-11,70.91,72.69,3.296,1879.6,28.131,4.5415,684.5,680.75,1508.5
2021-06-14,70.88,72.86,3.352,1865.9,28.024,4.532,659.25,674.5,1472.25
2021-06-15,72.12,73.99,3.24,1856.4,27.679,4.34,667.5,661.5,1465.75
2021-06-16,72.15,74.39,3.251,1861.4,27.8,4.3925,673.0,662.75,1448.5
2021-06-17,71.04,73.08,3.253,1774.8,25.844,4.1845,633.0,639.0,1329.75
2021-06-18,71.64,73.51,3.215,1769.0,25.958,4.1625,655.25,662.75,1396.0
2021-06-21,73.66,74.9,3.191,1782.9,26.015,4.1875,659.25,661.5,1415.0
2021-06-22,73.06,74.81,3.258,1777.4,25.848,4.2345,659.75,651.0,1394.5
2021-06-23,73.08,75.19,3.333,1783.4,26.108,4.331,664.25,661.25,1385.0
2021-06-24,73.3,75.56,3.418,1776.7,26.047,4.3115,653.25,651.25,1371.25
2021-06-25,74.05,76.18,3.496,1777.8,26.082,4.299,636.5,637.0,1329.75
2021-06-28,72.91,74.68,3.617,1780.7,26.218,4.278,675.5,646.0,1357.0
2021-06-29,72.98,74.76,3.63,1763.6,25.872,4.2765,694.5,639.75,1359.75
2021-06-30,73.47,75.13,3.65,1771.6,26.165,4.2965,720.0,671.5,1450.0
2021-07-01,75.23,75.84,3.661,1776.8,26.075,4.242,719.75,658.5,1446.75
2021-07-02,75.16,76.17,3.7,1783.3,26.481,4.282,697.25,645.75,1451.75
2021-07-06,73.37,74.53,3.637,1794.2,26.154,4.258,656.0,620.0,1363.75
2021-07-07,72.2,73.43,3.596,1802.1,26.11,4.329,652.5,614.75,1386.5
2021-07-08,72.94,74.12,3.688,1800.2,25.967,4.2715,638.0,612.25,1390.25
2021-07-09,74.56,75.55,3.674,1810.6,26.211,4.3525,629.75,608.5,1404.0
2021-07-12,74.1,75.16,3.749,1805.9,26.217,4.323,669.25,635.0,1432.5
2021-07-13,75.25,76.49,3.696,1809.9,26.115,4.3145,677.0,628.75,1438.0
2021-07-14,73.13,74.76,3.66,1825.0,26.246,4.277,683.0,645.0,1467.75
2021-07-15,71.65,73.47,3.614,1829.0,26.375,4.333,564.25,672.0,1447.5
2021-07-16,71.81,73.59,3.674,1815.0,25.777,4.3325,556.0,692.5,1454.75
2021-07-19,66.42,68.62,3.779,1809.2,25.126,4.2105,556.0,697.75,1428.0
2021-07-20,67.42,69.35,3.876,1811.4,24.977,4.2735,571.75,700.5,1443.5
2021-07-21,70.3,72.23,3.959,1803.4,25.238,4.2825,571.75,710.75,1439.25
2021-07-22,71.91,73.79,4.003,1805.4,25.365,4.348,564.5,692.25,1416.25
2021-07-23,72.07,74.1,4.06,1801.8,25.218,4.4065,547.25,684.0,1401.0
2021-07-26,71.91,74.5,4.102,1799.2,25.295,4.589,549.75,677.0,1412.75
2021-07-27,71.65,74.48,3.971,1799.8,24.632,4.546,548.75,674.5,1418.25
2021-07-28,72.39,74.74,4.044,1799.7,24.856,4.479,549.25,688.75,1432.0
2021-07-29,73.62,76.05,4.059,1831.2,25.764,4.52,558.0,705.25,1434.25
2021-07-30,73.95,76.33,3.914,1812.6,25.528,4.4805,547.0,703.75,1414.75
2021-08-02,71.26,72.89,3.935,1822.2,25.557,4.432,558.75,729.5,1418.75
2021-08-03,70.56,72.41,4.027,1814.1,25.566,4.383,550.5,724.5,1392.25
2021-08-04,68.15,70.38,4.158,1814.5,25.446,4.33,545.75,717.25,1403.5
2021-08-05,69.09,71.29,4.14,1808.9,25.277,4.3455,555.75,712.75,1402.5
2021-08-06,68.28,70.7,4.14,1763.1,24.312,4.3455,555.0,719.0,1422.25
2021-08-09,66.48,69.04,4.06,1726.5,23.255,4.287,550.25,711.25,1433.75
2021-08-10,68.29,70.63,4.089,1731.7,23.377,4.3515,549.25,727.0,1447.5
2021-08-11,69.25,71.44,4.059,1753.3,23.474,4.364,556.25,727.0,1405.5
2021-08-12,69.09,71.31,3.933,1751.8,23.105,4.356,567.0,753.5,1401.5
2021-08-13,68.44,70.59,3.861,1778.2,23.768,4.387,568.25,762.25,1424.25
2021-08-16,67.29,69.51,3.946,1789.8,23.78,4.322,564.75,760.5,1376.0
2021-08-17,66.59,69.03,3.837,1787.8,23.648,4.2,558.25,734.5,1369.0
2021-08-18,65.46,68.23,3.852,1784.4,23.412,4.116,561.75,737.25,1358.25
2021-08-19,63.69,66.45,3.83,1783.1,23.22,4.0385,550.0,727.5,1323.0
2021-08-20,62.32,65.18,3.851,1784.0,23.105,4.1345,538.75,714.25,1293.75
2021-08-23,65.64,68.75,3.945,1806.3,23.649,4.2345,538.0,719.75,1294.0
2021-08-24,67.54,71.05,3.896,1808.5,23.89,4.255,544.5,718.0,1337.0
2021-08-25,68.36,72.25,3.897,1791.0,23.771,4.265,551.25,711.25,1346.0
2021-08-26,67.42,71.07,4.184,1795.2,23.546,4.246,552.75,725.25,1367.5
2021-08-27,68.74,72.7,4.37,1819.5,24.06,4.3165,558.0,718.5,1359.25
2021-08-30,69.21,73.41,4.305,1812.2,23.96,4.361,540.25,708.75,1304.75
2021-08-31,68.5,72.99,4.377,1818.1,23.96,4.36,534.0,706.75,1298.75
2021-09-01,68.59,71.59,4.615,1816.0,24.177,4.263,515.5,701.0,1277.75
2021-09-02,69.99,73.03,4.641,1811.5,23.875,4.29,516.25,704.0,1279.25
2021-09-03,69.29,72.61,4.712,1833.7,24.762,4.3255,508.0,714.5,1283.0
2021-09-07,68.35,71.69,4.568,1798.5,24.334,4.2775,495.75,708.75,1268.75
2021-09-08,69.3,72.6,4.914,1793.5,24.012,4.232,498.25,698.25,1270.75
2021-09-09,68.14,71.45,5.031,1800.0,24.133,4.2835,496.0,681.5,1258.75
2021-09-10,69.72,72.92,4.938,1792.1,23.855,4.448,502.75,675.0,1275.25
2021-09-13,70.45,73.51,5.231,1794.4,23.753,4.3635,496.75,674.5,1272.5
2021-09-14,70.46,73.6,5.26,1807.1,23.842,4.318,503.0,685.0,1276.5
2021-09-15,72.61,75.46,5.46,1794.8,23.759,4.4035,533.5,712.25,1294.5
2021-09-16,72.61,75.67,5.335,1756.7,22.752,4.2785,529.5,713.0,1296.0
2021-09-17,71.97,75.34,5.105,1751.4,22.295,4.2455,527.25,708.75,1284.0
2021-09-20,70.29,73.92,4.985,1763.8,22.163,4.117,521.75,700.75,1262.5
2021-09-21,70.56,74.36,4.805,1778.2,22.573,4.128,517.0,690.25,1274.0
2021-09-22,72.23,76.19,4.805,1778.8,22.869,4.2525,525.5,705.75,1282.75
2021-09-23,73.3,77.25,4.976,1749.8,22.642,4.231,529.25,717.75,1284.25
2021-09-24,73.98,78.09,5.14,1751.7,22.388,4.2875,526.75,723.75,1285.0
2021-09-27,75.45,79.53,5.706,1752.0,22.657,4.2935,539.5,722.25,1287.5
2021-09-28,75.29,79.09,5.841,1737.5,22.43,4.245,532.5,706.5,1277.0
2021-09-29,74.83,78.64,5.477,1722.9,21.459,4.2,539.0,710.25,1283.75
2021-09-30,75.03,78.52,5.867,1757.0,22.021,4.09,536.75,725.5,1256.0
2021-10-01,75.88,79.28,5.619,1758.4,22.51,4.1935,541.5,755.25,1246.5
2021-10-04,77.62,81.26,5.766,1767.6,22.618,4.2465,540.75,756.5,1235.75
2021-10-05,78.93,82.56,6.312,1760.9,22.582,4.202,537.5,744.75,1250.5
2021-10-06,77.43,81.08,5.675,1761.8,22.506,4.157,532.25,746.0,1242.0
2021-10-07,78.3,81.95,5.677,1759.2,22.632,4.251,534.0,741.25,1247.25
2021-10-08,79.35,82.39,5.565,1757.4,22.679,4.283,530.5,734.0,1243.0
2021-10-11,80.52,83.65,5.345,1755.7,22.64,4.3745,533.0,731.75,1228.25
2021-10-12,80.64,83.42,5.505,1759.3,22.491,4.329,522.5,734.0,1198.25
2021-10-13,80.44,83.18,5.59,1794.7,23.149,4.5205,512.25,718.75,1195.25
2021-10-14,81.31,84.0,5.687,1797.9,23.456,4.6315,516.75,724.75,1206.25
2021-10-15,82.28,84.86,5.41,1768.3,23.328,4.734,525.75,734.0,1217.75
2021-10-18,82.44,84.33,4.989,1765.7,23.243,4.7305,532.75,736.25,1221.5
2021-10-19,82.96,85.08,5.088,1770.5,23.862,4.714,530.25,736.0,1228.0
2021-10-20,83.87,85.82,5.17,1784.9,24.424,4.756,539.25,749.25,1245.5
2021-10-21,82.5,84.61,5.115,1781.9,24.15,4.5865,532.25,741.25,1224.0
2021-10-22,83.76,85.53,5.28,1796.3,24.429,4.526,538.0,756.0,1220.5
2021-10-25,83.76,85.99,5.898,1806.8,24.572,4.5515,538.0,759.5,1237.25
2021-10-26,84.65,86.4,5.882,1793.4,24.086,4.4865,543.5,752.25,1238.0
2021-10-27,82.66,84.58,6.202,1798.8,24.189,4.387,557.25,759.75,1239.25
2021-10-28,82.81,84.32,5.782,1802.6,24.117,4.4375,562.75,772.5,1233.75
2021-10-29,83.57,84.38,5.426,1783.9,23.945,4.3755,568.25,772.75,1235.75
2021-11-01,84.05,84.71,5.186,1795.8,24.064,4.402,579.0,797.25,1236.75
2021-11-02,83.91,84.72,5.542,1789.4,23.5,4.374,573.0,791.5,1244.0
2021-11-03,80.86,81.99,5.67,1763.9,23.226,4.326,564.0,781.0,1231.5
2021-11-04,78.81,80.54,5.716,1793.5,23.906,4.326,559.25,773.75,1209.25
2021-11-05,81.27,82.74,5.516,1816.8,24.152,4.349,553.0,766.5,1192.25
2021-11-08,81.93,83.43,5.427,1828.0,24.537,4.405,551.5,768.0,1178.0
2021-11-09,84.15,84.78,4.979,1830.8,24.313,4.38,554.75,778.5,1199.5
2021-11-10,81.34,82.64,4.88,1848.3,24.767,4.328,569.25,803.0,1203.5
2021-11-11,81.59,82.87,5.149,1863.9,25.301,4.4045,569.5,812.5,1212.25
2021-11-12,80.79,82.17,4.791,1868.5,25.344,4.4555,577.25,817.0,1234.0
2021-11-15,80.88,82.05,5.017,1866.6,25.107,4.407,576.5,826.25,1257.25
2021-11-16,80.76,82.43,5.177,1854.1,24.944,4.3585,571.0,810.25,1251.25
2021-11-17,78.36,80.28,4.816,1870.2,25.167,4.273,575.25,822.25,1277.0
2021-11-18,79.01,81.24,4.902,1861.4,24.901,4.31,573.0,820.0,1265.25
2021-11-19,76.1,78.89,5.065,1851.6,24.78,4.4085,570.75,823.0,1263.25
2021-11-22,76.75,79.7,4.789,1806.3,24.297,4.3955,576.75,845.75,1274.25
2021-11-23,78.5,82.31,4.967,1783.8,23.435,4.4235,580.5,856.0,1273.0
2021-11-24,78.39,82.25,5.068,1784.3,23.496,4.458,579.75,836.75,1266.5
2021-11-26,68.15,72.72,5.447,1785.5,23.107,4.2815,586.75,825.5,1252.75
2021-11-29,69.95,73.44,4.854,1782.3,22.799,4.337,581.0,807.5,1241.5
2021-11-30,66.18,70.57,4.567,1773.6,22.765,4.278,567.0,773.75,1217.25
2021-12-01,65.57,68.87,4.258,1784.3,22.299,4.2475,572.0,778.5,1228.25
2021-12-02,66.5,69.67,4.056,1762.7,22.28,4.299,577.0,806.5,1244.25
2021-12-03,66.26,69.88,4.132,1783.9,22.445,4.2665,586.0,794.5,1267.25
2021-12-06,69.49,73.08,3.657,1779.5,22.228,4.337,583.5,797.0,1261.5
2021-12-07,72.05,75.44,3.708,1784.7,22.487,4.338,586.25,799.25,1250.25
2021-12-08,72.36,75.82,3.815,1785.5,22.39,4.391,584.75,791.25,1261.0
2021-12-09,70.94,74.42,3.814,1776.7,21.974,4.33,588.5,773.5,1264.5
2021-12-10,71.67,75.15,3.925,1784.8,22.16,4.283,588.5,782.0,1267.75
2021-12-13,71.29,74.39,3.794,1788.3,22.29,4.28,584.25,785.5,1244.0
2021-12-14,70.73,73.7,3.747,1772.3,21.887,4.254,588.75,785.5,1259.5
2021-12-15,70.87,73.88,3.802,1764.5,21.508,4.1795,585.75,756.0,1262.5
2021-12-16,72.38,75.02,3.766,1798.2,22.455,4.3005,591.25,770.5,1277.25
2021-12-17,70.86,73.52,3.69,1804.9,22.507,4.291,593.25,775.0,1285.25
2021-12-20,68.23,71.52,3.834,1794.6,22.275,4.288,591.0,777.75,1292.25
2021-12-21,71.12,73.98,3.869,1788.7,22.502,4.338,598.25,799.0,1308.0
2021-12-22,72.76,75.29,3.976,1802.2,22.792,4.3895,602.5,814.0,1328.75
2021-12-23,73.79,76.85,3.731,1811.7,22.931,4.387,605.75,814.75,1332.0
2021-12-27,75.57,78.6,4.06,1808.8,22.979,4.465,614.75,804.0,1362.5
2021-12-28,75.98,78.94,4.055,1810.9,23.111,4.42,604.75,783.5,1359.25
2021-12-29,76.56,79.23,4.024,1805.8,22.848,4.402,605.5,787.75,1356.5
2021-12-30,76.99,79.32,3.561,1814.1,23.028,4.3845,596.0,779.75,1327.75
2021-12-31,75.21,77.78,3.73,1828.6,23.328,4.455,593.25,770.75,1328.75
2022-01-03,76.08,78.98,3.815,1800.1,22.79,4.4145,589.25,758.0,1344.0
2022-01-04,76.99,80.0,3.717,1814.6,23.038,4.466,609.5,770.0,1378.75
2022-01-05,77.85,80.8,3.882,1825.1,23.15,4.4045,602.25,760.75,1384.25
2022-01-06,79.46,81.99,3.812,1789.2,22.174,4.348,603.75,746.0,1377.25
2022-01-07,78.9,81.75,3.916,1797.4,22.394,4.403,606.75,758.5,1401.5
2022-01-10,78.23,80.87,4.079,1798.8,22.446,4.3445,599.75,762.0,1374.75
2022-01-11,81.22,83.72,4.249,1818.5,22.806,4.4205,601.0,770.25,1376.75
2022-01-12,82.64,84.67,4.857,1827.3,23.2,4.564,599.0,757.75,1391.25
2022-01-13,82.12,84.47,4.27,1821.4,23.155,4.534,587.5,746.75,1365.25
2022-01-14,83.82,86.06,4.262,1816.5,22.911,4.4115,596.25,741.5,1356.75
2022-01-18,85.43,87.51,4.283,1812.4,23.487,4.376,599.5,769.0,1361.25
2022-01-19,86.96,88.44,4.031,1843.2,24.226,4.4625,610.5,796.5,1391.25
2022-01-20,86.9,88.38,3.802,1842.6,24.711,4.5765,611.0,790.25,1425.75
2022-01-21,85.14,87.89,3.999,1831.8,24.314,4.5125,616.25,780.0,1414.25
2022-01-24,83.31,86.27,4.027,1841.7,23.795,4.403,621.0,800.5,1403.0
2022-01-25,85.6,88.2,4.053,1852.5,23.896,4.443,620.0,818.0,1407.25
2022-01-26,87.35,89.96,4.277,1829.7,23.807,4.5045,627.0,795.0,1440.0
2022-01-27,86.61,89.34,6.265,1793.1,22.673,4.413,625.25,777.0,1448.25
2022-01-28,86.82,90.03,4.639,1784.9,22.302,4.303,636.0,786.25,1470.0
2022-01-31,88.15,91.21,4.874,1795.0,22.395,4.318,626.0,761.25,1490.5
2022-02-01,88.2,89.16,4.751,1801.5,22.596,4.429,634.75,769.0,1528.5
2022-02-02,88.26,89.47,5.501,1810.3,22.711,4.491,622.5,755.0,1545.25
2022-02-03,90.27,91.11,4.888,1804.1,22.375,4.4665,616.75,751.75,1544.25
2022-02-04,92.31,93.27,4.572,1807.8,22.475,4.4835,620.5,763.25,1553.5
2022-02-07,91.32,92.69,4.232,1821.8,23.076,4.4615,635.25,768.75,1581.75
2022-02-08,89.36,90.78,4.248,1827.9,23.195,4.4595,632.25,778.75,1569.0
2022-02-09,89.66,91.55,4.009,1836.6,23.336,4.6005,646.75,785.0,1594.75
2022-02-10,89.88,91.41,3.959,1837.4,23.519,4.6575,641.75,771.5,1574.25
2022-02-11,93.1,94.44,3.941,1842.1,23.366,4.505,651.0,797.75,1583.0
2022-02-14,95.46,96.48,4.195,1869.4,23.845,4.5075,655.75,799.25,1570.0
2022-02-15,92.07,93.28,4.306,1856.2,23.338,4.5315,638.0,779.75,1551.25
2022-02-16,93.66,94.81,4.717,1871.5,23.601,4.5405,647.0,780.5,1587.5
2022-02-17,91.76,92.97,4.486,1902.0,23.874,4.525,650.0,798.0,1592.0
2022-02-18,91.07,93.54,4.431,1899.8,23.991,4.5195,654.25,797.0,1601.5
2022-02-22,92.35,96.84,4.498,1907.4,24.311,4.51,674.75,844.25,1635.0
2022-02-23,92.1,96.84,4.623,1910.4,24.555,4.4815,683.75,876.0,1675.0
2022-02-24,92.81,99.08,4.568,1926.3,24.686,4.454,695.0,926.0,1661.5
2022-02-25,91.59,97.93,4.47,1887.6,23.997,4.472,659.5,843.0,1590.25
2022-02-28,95.72,100.99,4.402,1900.7,24.361,4.4445,697.5,928.0,1644.25
2022-03-01,103.41,104.97,4.573,1943.8,25.534,4.5865,739.75,1001.75,1705.5
2022-03-02,110.6,112.93,4.762,1922.3,25.183,4.6555,739.0,1058.5,1677.5
2022-03-03,107.67,110.46,4.722,1935.9,25.205,4.7715,751.25,1289.0,1680.25
2022-03-04,115.68,118.11,5.016,1966.6,25.782,4.929,756.5,1348.0,1676.25
2022-03-07,119.4,123.21,4.833,1995.9,25.713,4.722,749.25,1425.25,1674.25
2022-03-08,123.7,127.98,4.527,2043.3,26.888,4.7005,754.5,1273.0,1704.5
2022-03-09,108.7,111.14,4.526,1988.2,25.757,4.564,735.0,1199.5,1686.5
2022-03-10,106.02,109.33,4.631,2000.4,26.202,4.6435,757.75,1073.75,1700.0
2022-03-11,109.33,112.67,4.725,1985.0,26.106,4.616,764.5,1090.0,1690.75
2022-03-14,103.01,106.9,4.658,1960.8,25.244,4.5125,728.25,1090.0,1687.25
2022-03-15,96.44,99.91,4.568,1929.7,25.123,4.5015,758.0,1154.25,1658.75
2022-03-16,95.04,98.02,4.748,1909.2,24.67,4.588,730.0,1069.25,1649.25
2022-03-17,102.98,106.64,4.99,1943.2,25.584,4.6905,754.5,1098.0,1668.5
2022-03-18,104.7,107.93,4.863,1929.3,25.055,4.7305,741.75,1063.75,1668.0
2022-03-21,112.12,115.62,4.9,1929.5,25.282,4.7015,756.25,1119.25,1691.0
2022-03-22,111.76,115.48,5.187,1921.5,24.885,4.689,753.0,1118.25,1696.5
2022-03-23,114.93,121.6,5.232,1937.3,25.17,4.7625,757.75,1105.75,1718.75
2022-03-24,112.34,119.03,5.401,1962.2,25.9,4.729,748.25,1085.75,1700.75
2022-03-25,113.9,120.65,5.571,1954.2,25.595,4.686,754.0,1102.25,1710.25
2022-03-28,105.96,112.48,5.508,1939.8,25.176,4.714,748.5,1057.0,1664.25
2022-03-29,104.24,110.23,5.336,1912.2,24.716,4.7165,726.25,1014.25,1643.0
2022-03-30,107.82,113.45,5.605,1933.5,25.103,4.7395,738.0,1027.25,1664.0
2022-03-31,100.28,107.91,5.642,1949.2,25.121,4.743,748.75,1006.0,1618.25
2022-04-01,99.27,104.39,5.72,1923.7,24.642,4.6825,735.0,984.5,1582.75
2022-04-04,103.28,107.53,5.712,1934.0,24.584,4.7765,750.5,1010.25,1602.25
2022-04-05,101.96,106.64,6.032,1927.5,24.528,4.791,759.75,1045.25,1631.0
2022-04-06,96.23,101.07,6.029,1923.1,24.455,4.7335,756.5,1038.25,1619.5
2022-04-07,96.03,100.58,6.359,1937.8,24.733,4.695,757.75,1020.0,1645.5
2022-04-08,98.26,102.78,6.278,1945.6,24.819,4.72,768.75,1051.5,1689.0
2022-04-11,94.29,98.48,6.643,1948.2,24.978,4.6285,764.5,1081.25,1655.25
2022-04-12,100.6,104.64,6.68,1976.1,25.725,4.704,776.25,1103.75,1670.25
2022-04-13,104.25,108.78,6.997,1984.7,26.02,4.707,783.5,1113.5,1676.0
2022-04-14,106.95,111.7,7.3,1974.9,25.69,4.717,790.25,1096.5,1682.25
2022-04-18,108.21,113.16,7.82,1986.4,26.14,4.796,813.25,1120.5,1714.75
2022-04-19,102.56,107.25,7.176,1959.0,25.391,4.714,804.0,1099.0,1716.5
2022-04-20,102.75,106.8,6.937,1955.6,25.27,4.6495,815.75,1088.0,1746.75
2022-04-21,103.79,108.33,6.957,1948.2,24.621,4.7035,799.25,1068.0,1748.25
2022-04-22,102.07,106.65,6.534,1934.3,24.257,4.5825,793.0,1065.5,1716.0
2022-04-25,98.54,102.32,6.669,1896.0,23.668,4.449,800.25,1062.0,1703.5
2022-04-26,101.7,104.99,6.85,1904.1,23.542,4.44,803.25,1083.25,1705.25
2022-04-27,102.02,105.32,7.267,1888.7,23.458,4.4545,815.5,1080.0,1726.5
2022-04-28,105.36,107.59,6.888,1891.3,23.129,4.4135,816.0,1074.0,1706.5
2022-04-29,104.69,109.34,7.244,1911.7,23.04,4.395,818.25,1043.75,1708.25
2022-05-02,105.17,107.58,7.475,1863.6,22.544,4.2555,813.0,1043.5,1674.0
2022-05-03,102.41,104.97,7.954,1870.6,22.621,4.271,800.75,1033.75,1659.0
2022-05-04,107.81,110.14,8.415,1868.8,22.362,4.3285,798.5,1066.0,1669.75
2022-05-05,108.26,110.9,8.783,1875.7,22.4,4.285,803.75,1096.0,1678.5
2022-05-06,109.77,112.39,8.043,1882.8,22.325,4.2615,792.25,1097.0,1655.5
2022-05-09,103.09,105.94,7.026,1858.6,21.782,4.193,784.5,1083.25,1621.0
2022-05-10,99.76,102.46,7.385,1841.0,21.39,4.1545,786.5,1083.25,1630.0
2022-05-11,105.71,107.51,7.64,1853.7,21.55,4.2125,802.25,1108.75,1650.25
2022-05-12,106.13,107.45,7.739,1824.6,20.757,4.105,813.5,1174.5,1660.25
2022-05-13,110.49,111.55,7.663,1808.2,20.984,4.1805,794.5,1167.25,1723.25
2022-05-16,114.2,114.24,7.956,1814.0,21.535,4.1965,809.5,1247.5,1656.5
2022-05-17,112.4,111.93,8.304,1818.9,21.737,4.2395,800.75,1277.5,1678.0
2022-05-18,109.59,109.11,8.368,1815.9,21.533,4.182,781.5,1230.75,1662.75
2022-05-19,112.21,112.04,8.308,1841.2,21.898,4.285,783.25,1200.5,1690.5
2022-05-20,113.23,112.55,8.083,1842.1,21.669,4.281,778.75,1168.75,1705.25
2022-05-23,110.29,113.42,8.744,1847.8,21.723,4.3475,786.25,1190.0,1687.0
2022-05-24,109.77,113.56,8.796,1865.4,22.063,4.3255,771.75,1154.75,1693.0
2022-05-25,110.33,114.03,8.971,1846.3,21.86,4.277,772.25,1148.25,1681.0
2022-05-26,114.09,117.4,8.908,1847.6,21.941,4.255,765.0,1143.25,1726.5
2022-05-27,115.07,119.43,8.727,1851.3,22.06,4.304,777.25,1157.5,1732.25
2022-05-31,114.67,122.84,8.145,1842.7,21.651,4.295,753.5,1087.5,1683.25
2022-06-01,115.26,116.29,8.696,1848.7,21.884,4.33,731.25,1041.25,1690.25
2022-06-02,116.87,117.61,8.485,1871.4,22.254,4.554,730.25,1058.25,1729.25
2022-06-03,118.87,119.72,8.523,1850.2,21.89,4.4775,727.0,1040.0,1697.75
2022-06-06,118.5,119.51,9.322,1843.7,22.074,4.4395,742.5,1093.0,1699.25
2022-06-07,119.41,120.57,9.293,1852.1,22.159,4.4395,757.0,1071.75,1728.25
2022-06-08,122.11,123.58,8.699,1856.5,22.074,4.4585,764.5,1074.75,1740.0
2022-06-09,121.51,123.07,8.963,1852.8,21.797,4.389,773.0,1071.25,1769.0
2022-06-10,120.67,122.01,8.85,1875.5,21.913,4.301,773.25,1070.75,1745.5
2022-06-13,120.93,122.27,8.609,1831.8,21.236,4.2165,769.25,1071.0,1707.5
2022-06-14,118.93,121.17,7.189,1813.5,20.936,4.1615,768.25,1050.25,1698.5
2022-06-15,115.31,118.51,7.42,1819.6,21.402,4.1675,774.0,1050.0,1693.75
2022-06-16,117.59,119.81,7.464,1849.9,21.867,4.112,788.25,1078.25,1709.5
2022-06-17,109.56,113.12,6.944,1840.6,21.573,4.0175,784.5,1034.25,1702.0
2022-06-21,110.65,114.65,6.808,1838.8,21.754,4.043,760.75,975.25,1681.0
2022-06-22,106.19,111.74,6.858,1838.4,21.407,3.9515,768.0,976.5,1652.75
2022-06-23,104.27,110.05,6.239,1829.8,21.032,3.7585,746.75,937.25,1593.25
2022-06-24,107.62,113.12,6.22,1830.3,21.116,3.76,750.25,923.75,1610.75
2022-06-27,109.57,115.09,6.501,1824.8,21.159,3.779,744.25,904.0,1630.5
2022-06-28,111.76,117.98,6.551,1821.2,20.797,3.784,759.5,921.25,1663.75
2022-06-29,109.78,116.26,6.498,1817.5,20.668,3.779,770.25,915.5,1674.25
2022-06-30,105.76,114.81,5.424,1807.3,20.282,3.7145,743.75,868.75,1675.0
2022-07-01,108.43,111.63,5.73,1801.5,19.597,3.619,754.5,831.25,1626.0
2022-07-05,99.5,102.77,5.523,1763.9,19.052,3.425,736.0,793.75,1575.25
2022-07-06,98.53,100.69,5.51,1736.5,19.085,3.418,744.25,792.25,1580.25
2022-07-07,102.73,104.65,6.297,1739.7,19.122,3.582,747.0,824.5,1591.25
2022-07-08,104.79,107.02,6.034,1742.3,19.167,3.532,778.25,879.25,1630.25
2022-07-11,104.09,107.1,6.426,1731.7,19.067,3.4375,781.25,843.75,1641.0
2022-07-12,95.84,99.49,6.163,1724.8,18.899,3.2965,732.75,801.5,1592.75
2022-07-13,96.3,99.57,6.689,1735.5,19.138,3.3255,740.0,798.25,1588.25
2022-07-14,95.78,99.1,6.6,1705.8,18.169,3.2105,695.0,794.25,1610.0
2022-07-15,97.59,101.16,7.016,1703.6,18.548,3.2345,604.25,776.75,1466.0
2022-07-18,102.6,106.27,7.479,1710.2,18.791,3.348,612.25,812.75,1497.25
2022-07-19,104.22,107.35,7.264,1710.7,18.67,3.2915,596.75,812.25,1477.25
2022-07-20,102.26,106.92,8.007,1700.2,18.639,3.3295,592.25,819.5,1449.0
2022-07-21,96.35,103.86,7.932,1713.4,18.687,3.302,575.75,806.25,1418.5
2022-07-22,94.7,103.2,8.299,1727.4,18.585,3.3485,564.25,759.0,1434.5
2022-07-25,96.7,105.15,8.727,1719.1,18.294,3.351,580.0,770.0,1473.0
2022-07-26,94.98,104.4,8.993,1717.7,18.487,3.3825,597.0,803.75,1532.75
2022-07-27,97.26,106.62,8.687,1719.1,18.553,3.4295,600.25,790.25,1578.75
2022-07-28,96.42,107.14,8.134,1750.3,19.827,3.475,615.0,817.0,1609.25
2022-07-29,98.62,110.01,8.229,1762.9,20.156,3.584,616.25,807.75,1637.0
2022-08-01,93.89,100.03,8.283,1787.7,20.322,3.552,607.0,800.25,1594.25
2022-08-02,94.42,100.54,7.706,1789.7,20.105,3.5245,591.25,774.75,1569.25
2022-08-03,90.66,96.78,8.266,1776.4,19.865,3.4695,591.5,763.75,1558.0
2022-08-04,88.54,94.12,8.122,1806.9,20.099,3.483,602.25,782.5,1615.0
2022-08-05,89.01,94.92,8.064,1791.2,19.819,3.553,610.25,775.75,1614.75
2022-08-08,90.76,96.65,7.589,1805.2,20.592,3.5875,608.5,779.75,1619.5
2022-08-09,90.5,96.31,7.833,1812.3,20.458,3.5925,615.5,781.5,1693.25
2022-08-10,91.93,97.4,8.202,1813.7,20.718,3.6555,621.25,799.75,1688.75
2022-08-11,94.34,99.6,8.874,1807.2,20.326,3.7105,629.25,810.75,1709.5
2022-08-12,92.09,98.15,8.768,1815.5,20.677,3.676,639.75,806.0,1669.25
2022-08-15,89.41,95.1,8.728,1798.1,20.251,3.629,626.75,800.75,1494.0
2022-08-16,86.53,92.34,9.329,1789.7,20.065,3.6365,611.0,786.0,1454.25
2022-08-17,88.11,93.65,9.244,1776.7,19.711,3.598,615.0,763.25,1475.25
2022-08-18,90.5,96.59,9.188,1771.2,19.448,3.6465,619.75,731.5,1495.5
2022-08-19,90.77,96.72,9.336,1762.9,19.058,3.6835,626.0,753.25,1488.75
2022-08-22,90.23,96.48,9.68,1748.4,18.873,3.6705,633.5,770.5,1527.0
2022-08-23,93.74,100.22,9.193,1761.2,19.012,3.7045,660.0,782.75,1566.75
2022-08-24,94.89,101.22,9.33,1761.5,18.895,3.6605,665.75,795.0,1560.75
2022-08-25,92.52,99.34,9.375,1771.4,19.111,3.7105,657.5,769.75,1552.5
2022-08-26,93.06,100.99,9.296,1749.8,18.74,3.7115,668.75,784.75,1605.25
2022-08-29,97.01,105.09,9.353,1749.7,18.555,3.6265,683.75,820.0,1534.75
2022-08-30,91.64,99.31,9.042,1736.3,18.159,3.545,679.75,798.25,1513.0
2022-08-31,89.55,96.49,9.127,1726.2,17.762,3.5185,673.75,809.0,1507.5
2022-09-01,86.61,92.36,9.262,1709.3,17.551,3.4145,658.25,775.5,1472.75
2022-09-02,86.87,93.02,8.786,1722.6,17.776,3.4215,669.0,793.0,1510.5
2022-09-06,86.88,92.83,8.145,1712.9,17.795,3.469,680.75,800.0,1490.0
2022-09-07,81.94,88.0,7.842,1727.8,18.137,3.438,676.75,826.5,1466.75
2022-09-08,83.54,89.15,7.915,1720.2,18.33,3.536,674.5,810.5,1470.5
2022-09-09,86.79,92.84,7.996,1728.6,18.658,3.581,698.5,853.25,1489.25
2022-09-12,87.78,94.0,8.249,1740.6,19.755,3.6255,712.25,841.25,1549.75
2022-09-13,87.31,93.17,8.284,1717.4,19.39,3.581,709.0,842.75,1534.25
2022-09-14,88.48,94.1,9.114,1709.1,19.471,3.5455,709.0,853.75,1503.75
2022-09-15,85.1,90.84,8.324,1677.3,19.175,3.5235,677.5,845.0,1451.5
2022-09-16,85.11,91.35,7.764,1683.5,19.296,3.561,677.25,859.75,1448.5
2022-09-19,85.73,92.0,7.752,1678.2,19.273,3.5575,678.25,830.5,1461.25
2022-09-20,84.45,90.62,7.717,1671.1,19.102,3.548,692.0,893.75,1478.75
2022-09-21,82.94,89.83,7.779,1675.7,19.411,3.512,685.5,903.75,1461.25
2022-09-22,83.49,90.46,7.089,1681.1,19.548,3.4985,688.25,910.75,1457.0
2022-09-23,78.74,86.15,6.828,1655.6,18.841,3.3715,676.75,880.5,1425.75
2022-09-26,76.71,84.06,6.903,1633.4,18.406,3.3135,666.25,858.0,1411.25
2022-09-27,78.5,86.27,6.651,1636.2,18.257,3.323,667.5,871.5,1408.0
2022-09-28,82.15,89.32,6.868,1670.0,18.796,3.382,670.5,903.25,1408.75
2022-09-29,81.23,88.49,6.874,1668.6,18.611,3.44,669.5,896.25,1410.75
2022-09-30,79.49,87.96,6.766,1672.0,18.96,3.442,677.5,921.5,1364.75
2022-10-03,83.63,88.86,6.47,1702.0,20.519,3.458,680.75,912.0,1374.0
2022-10-04,86.52,91.8,6.837,1730.5,21.037,3.518,683.0,903.0,1383.5
2022-10-05,87.76,93.37,6.93,1720.8,20.479,3.5325,684.0,902.0,1369.75
2022-10-06,88.45,94.42,6.972,1720.8,20.595,3.475,675.5,879.0,1358.0
2022-10-07,92.64,97.92,6.748,1709.3,20.192,3.4125,683.25,880.25,1367.0
2022-10-10,91.13,96.19,6.435,1675.2,19.556,3.4535,698.25,938.0,1374.0
2022-10-11,89.35,94.29,6.596,1686.0,19.427,3.478,693.0,901.0,1376.25
2022-10-12,87.27,92.45,6.435,1677.5,18.878,3.4445,693.0,882.25,1396.0
2022-10-13,89.11,94.57,6.741,1677.0,18.858,3.4675,697.75,892.25,1395.75
2022-10-14,85.61,91.63,6.453,1648.9,18.015,3.4505,689.75,859.75,1383.75
2022-10-17,85.46,91.62,5.999,1664.0,18.674,3.4555,683.5,861.0,1385.25
2022-10-18,82.82,90.03,5.745,1655.8,18.571,3.4065,681.0,849.5,1372.0
2022-10-19,85.55,92.41,5.462,1634.2,18.336,3.3605,678.25,841.25,1372.5
2022-10-20,85.98,92.38,5.358,1636.8,18.666,3.451,684.0,849.25,1391.5
2022-10-21,85.05,93.5,4.959,1656.3,19.043,3.523,684.25,850.75,1395.5
2022-10-24,84.58,93.26,5.199,1654.1,19.174,3.4795,681.5,838.75,1372.0
2022-10-25,85.32,93.52,5.613,1658.0,19.339,3.4505,686.25,834.75,1382.0
2022-10-26,87.91,95.69,5.606,1669.2,19.48,3.6295,685.0,840.5,1381.75
2022-10-27,89.08,96.96,5.186,1665.6,19.478,3.6255,682.25,838.5,1382.25
2022-10-28,87.9,95.77,5.684,1644.8,19.147,3.466,680.75,829.25,1387.75
2022-10-31,86.53,94.83,6.355,1640.7,19.125,3.4135,691.5,882.25,1407.0
2022-11-01,88.37,94.65,5.714,1649.7,19.673,3.5095,697.75,902.5,1435.75
2022-11-02,90.0,96.16,6.268,1650.0,19.6,3.5055,687.5,846.0,1440.0
2022-11-03,88.17,94.67,5.975,1630.9,19.436,3.4565,679.25,840.5,1426.75
2022-11-04,92.61,98.57,6.4,1676.6,20.79,3.7145,681.0,847.75,1451.5
2022-11-07,91.79,97.92,6.944,1680.5,20.898,3.6295,675.75,845.75,1440.0
2022-11-08,88.91,95.36,6.138,1716.0,21.477,3.7055,667.5,827.75,1444.0
2022-11-09,85.83,92.65,5.865,1713.7,21.298,3.7415,664.5,806.5,1459.75
2022-11-10,86.47,93.67,6.239,1753.7,21.677,3.796,653.25,803.5,1430.5
2022-11-11,88.96,95.99,5.879,1769.4,21.646,3.951,658.0,813.75,1455.5
2022-11-14,85.87,93.14,5.933,1776.9,22.092,3.855,657.25,818.5,1441.75
2022-11-15,86.92,93.86,6.034,1776.8,21.499,3.8395,666.75,828.25,1457.25
2022-11-16,85.59,92.86,6.2,1775.8,21.504,3.788,665.25,817.5,1429.25
2022-11-17,81.64,89.78,6.369,1763.0,20.955,3.6895,667.5,806.75,1417.0
2022-11-18,80.08,87.62,6.303,1754.4,20.976,3.632,667.75,803.25,1428.25
2022-11-21,79.73,87.45,6.776,1739.6,20.849,3.5715,659.5,799.25,1436.75
2022-11-22,80.95,88.36,6.779,1739.9,21.034,3.6145,656.75,791.5,1429.75
2022-11-23,77.94,85.41,7.308,1745.6,21.357,3.6175,663.25,793.5,1436.0
2022-11-25,76.28,83.63,7.024,1754.0,21.425,3.6265,668.0,775.5,1436.25
2022-11-28,77.24,83.19,6.712,1740.3,20.91,3.6105,668.75,756.75,1457.25
2022-11-29,78.2,83.03,7.235,1748.4,21.204,3.63,665.75,757.75,1459.5
2022-11-30,80.55,85.43,6.93,1746.0,21.55,3.7295,662.0,771.5,1469.5
2022-12-01,81.22,86.88,6.738,1815.2,22.637,3.814,650.0,758.75,1429.75
2022-12-02,79.98,85.57,6.281,1809.6,23.038,3.848,635.0,737.25,1438.5
2022-12-05,76.93,82.68,5.577,1781.3,22.199,3.7895,628.75,715.5,1437.75
2022-12-06,74.25,79.35,5.469,1782.4,22.123,3.8115,625.5,705.5,1455.0
2022-12-07,72.01,77.17,5.723,1798.0,22.71,3.8555,627.75,727.0,1472.0
2022-12-08,71.46,76.15,5.962,1801.5,23.063,3.8805,632.0,724.25,1486.25
2022-12-09,71.02,76.1,6.245,1810.7,23.535,3.876,634.75,712.75,1483.75
2022-12-12,73.17,77.99,6.587,1792.3,23.22,3.7985,641.25,733.0,1460.5
2022-12-13,75.39,80.68,6.935,1825.5,23.801,3.8395,643.75,728.75,1479.75
2022-12-14,77.28,82.7,6.43,1818.7,23.946,3.875,639.0,728.25,1482.25
2022-12-15,76.11,81.21,6.97,1787.8,23.128,3.763,653.5,757.25,1473.5
2022-12-16,74.29,79.04,6.6,1800.2,23.151,3.7615,653.0,753.5,1480.0
2022-12-19,75.19,79.8,5.851,1797.7,23.029,3.783,647.25,748.5,1460.75
2022-12-20,76.09,79.99,5.326,1825.4,24.094,3.7975,652.0,750.5,1478.5
2022-12-21,78.29,82.2,5.332,1825.4,24.035,3.806,662.25,767.75,1481.0
2022-12-22,77.49,80.98,4.999,1795.3,23.476,3.7515,660.5,762.25,1467.75
2022-12-23,79.56,83.92,5.079,1804.2,23.764,3.803,666.25,776.0,1479.0
2022-12-27,79.53,84.33,5.282,1823.1,24.04,3.8335,674.75,774.5,1482.25
2022-12-28,78.96,83.26,4.709,1815.8,23.663,3.832,682.75,785.5,1506.5
2022-12-29,78.4,82.26,4.559,1826.0,24.078,3.821,679.5,774.0,1508.75
2022-12-30,80.26,85.91,4.475,1826.2,23.862,3.8055,678.5,792.0,1519.25
2023-01-03,76.93,82.1,3.988,1846.1,24.059,3.766,670.5,775.5,1487.25
2023-01-04,72.84,77.84,4.172,1859.0,23.792,3.7395,653.75,745.5,1478.25
2023-01-05,73.67,78.69,3.72,1840.6,23.258,3.818,652.75,746.75,1466.75
2023-01-06,73.77,78.57,3.71,1869.7,23.822,3.9085,654.0,743.5,1501.5
2023-01-09,74.63,79.65,3.91,1877.8,23.712,4.0185,652.75,741.5,1503.5
2023-01-10,75.12,80.1,3.639,1876.5,23.507,4.067,655.0,731.0,1510.0
2023-01-11,77.41,82.67,3.671,1878.9,23.327,4.1545,656.0,740.0,1515.0
2023-01-12,78.39,84.03,3.695,1898.8,23.863,4.186,671.0,742.75,1529.5
2023-01-13,79.86,85.28,3.419,1921.7,24.231,4.2075,675.0,743.75,1538.25
2023-01-17,80.18,85.92,3.586,1909.9,23.944,4.215,685.25,751.75,1539.75
2023-01-18,79.48,84.98,3.311,1907.0,23.53,4.2285,681.25,742.5,1524.5
2023-01-19,80.33,86.16,3.275,1923.9,23.754,4.2265,677.25,734.5,1514.75
2023-01-20,81.31,87.63,3.174,1928.2,23.83,4.2485,676.25,741.5,1506.5
2023-01-23,81.62,88.19,3.447,1928.6,23.452,4.254,666.25,720.0,1490.25
2023-01-24,80.13,86.13,3.258,1935.4,23.649,4.2455,677.0,734.5,1488.5
2023-01-25,80.15,86.12,3.067,1942.6,23.839,4.24,674.75,741.25,1502.5
2023-01-26,81.01,87.47,2.944,1930.0,23.93,4.267,682.5,752.5,1523.5
2023-01-27,79.68,86.66,3.109,1929.4,23.527,4.224,683.0,750.0,1509.5
2023-01-30,77.9,84.9,2.677,1922.9,23.645,4.2035,683.75,752.5,1535.25
2023-01-31,78.87,84.49,2.684,1929.5,23.748,4.2285,679.75,761.25,1538.0
2023-02-01,76.41,82.84,2.468,1942.8,23.521,4.111,681.0,759.75,1520.25
2023-02-02,75.88,82.17,2.456,1930.8,23.534,4.094,675.25,761.0,1534.25
2023-02-03,73.39,79.94,2.41,1876.6,22.334,4.063,677.5,756.75,1532.0
2023-02-06,74.11,80.99,2.457,1879.5,22.177,4.0435,679.0,750.25,1521.25
2023-02-07,77.14,83.69,2.584,1884.8,22.117,4.0885,674.0,749.75,1515.25
2023-02-08,78.47,85.09,2.396,1890.7,22.367,4.0435,678.5,764.75,1519.75
2023-02-09,78.06,84.5,2.43,1878.5,22.097,4.1055,670.75,757.25,1519.25
2023-02-10,79.72,86.39,2.514,1874.5,22.034,4.0275,680.5,786.0,1542.5
2023-02-13,80.14,86.61,2.405,1863.5,21.818,4.087,685.0,792.0,1542.75
2023-02-14,79.06,85.58,2.567,1865.4,21.842,4.11,682.25,786.0,1537.5
2023-02-15,78.59,85.38,2.471,1845.3,21.546,4.052,676.25,769.25,1525.75
2023-02-16,78.49,85.14,2.389,1851.8,21.684,4.1655,676.0,765.0,1526.5
2023-02-17,76.34,83.0,2.275,1850.2,21.694,4.114,677.75,765.5,1527.25
2023-02-21,76.16,83.05,2.073,1842.5,21.869,4.2345,680.5,750.5,1548.75
2023-02-22,73.95,80.6,2.174,1841.5,21.661,4.2025,674.0,736.5,1539.5
2023-02-23,75.39,82.21,2.314,1826.8,21.299,4.073,660.25,738.25,1534.25
2023-02-24,76.32,83.16,2.451,1817.1,20.806,3.955,650.0,708.25,1529.0
2023-02-27,75.68,82.45,2.731,1824.9,20.67,4.009,642.75,696.0,1518.25
2023-02-28,77.05,83.89,2.747,1836.7,20.961,4.0975,629.5,691.5,1490.5
2023-03-01,77.69,84.31,2.811,1845.4,20.959,4.168,640.5,697.0,1504.25
2023-03-02,78.16,84.75,2.765,1840.5,20.766,4.084,637.75,701.25,1519.75
2023-03-03,79.68,85.83,3.009,1854.6,21.093,4.078,645.25,695.75,1530.5
2023-03-06,80.46,86.18,2.572,1854.6,20.984,4.1005,644.5,682.5,1541.0
2023-03-07,77.58,83.29,2.687,1820.0,20.054,3.9865,642.0,684.75,1525.25
2023-03-08,76.66,82.66,2.551,1818.6,20.005,4.0415,634.5,674.5,1526.75
2023-03-09,75.72,81.59,2.543,1834.6,20.025,4.0545,618.5,653.5,1520.0
2023-03-10,76.68,82.78,2.43,1867.2,20.375,4.0455,624.25,666.75,1513.0
2023-03-13,74.8,80.77,2.606,1916.5,21.793,4.0695,624.5,672.25,1500.0
2023-03-14,71.33,77.45,2.573,1910.9,21.929,4.0105,627.5,686.5,1499.75
2023-03-15,67.61,73.69,2.439,1931.3,21.774,3.8565,626.5,702.75,1489.25
2023-03-16,68.35,74.7,2.514,1923.0,21.588,3.8855,632.75,699.0,1491.5
2023-03-17,66.74,72.97,2.338,1973.5,22.351,3.9135,634.25,710.5,1476.5
2023-03-20,67.64,73.79,2.223,1982.8,22.533,3.9755,633.0,700.75,1486.0
2023-03-21,69.33,75.32,2.348,1941.1,22.324,4.0185,630.0,683.25,1467.0
2023-03-22,70.9,76.69,2.171,1949.6,22.675,4.0685,633.5,663.5,1448.5
2023-03-23,69.96,75.91,2.154,1995.9,23.144,4.146,631.75,662.0,1419.5
2023-03-24,69.26,74.99,2.216,1983.8,23.247,4.1015,643.0,688.5,1428.25
2023-03-27,72.81,78.12,2.088,1953.8,23.054,4.1045,648.25,698.0,1442.25
2023-03-28,73.2,78.65,2.03,1973.5,23.324,4.112,647.25,699.75,1467.75
2023-03-29,72.97,78.28,1.991,1966.9,23.376,4.115,650.5,704.75,1477.25
2023-03-30,74.37,79.27,2.104,1980.3,23.902,4.0905,649.5,692.25,1474.5
2023-03-31,75.67,79.77,2.216,1969.0,24.076,4.1045,660.5,692.25,1505.5
2023-04-03,80.42,84.93,2.097,2000.4,23.941,4.0595,657.75,693.5,1522.0
2023-04-04,80.71,84.94,2.106,2038.2,25.022,3.9835,653.75,691.5,1517.5
2023-04-05,80.61,84.99,2.155,2035.6,24.963,3.998,652.75,682.0,1511.0
2023-04-06,80.7,85.12,2.011,2026.4,25.025,4.026,643.5,675.5,1492.5
2023-04-10,79.74,84.18,2.172,2003.8,24.846,3.9865,654.0,678.5,1487.25
2023-04-11,81.53,85.61,2.186,2019.0,25.131,4.0245,651.0,674.0,1497.25
2023-04-12,83.26,87.33,2.093,2024.9,25.404,4.0845,656.0,679.5,1504.25
2023-04-13,82.16,86.09,2.007,2055.3,25.874,4.124,652.25,667.0,1501.0
2023-04-14,82.52,86.31,2.114,2015.8,25.424,4.1075,666.25,682.5,1500.5
2023-04-17,80.83,84.76,2.275,2007.0,25.053,4.066,676.5,696.5,1517.0
2023-04-18,80.86,84.77,2.366,2019.7,25.248,4.0895,677.5,698.0,1519.25
2023-04-19,79.16,83.12,2.222,2007.3,25.366,4.072,672.25,681.75,1506.5
2023-04-20,77.29,81.1,2.249,2019.1,25.368,4.022,663.75,667.75,1497.5
2023-04-21,77.87,81.66,2.233,1990.5,25.053,3.98,663.25,661.75,1483.5
2023-04-24,78.76,82.73,2.273,1999.8,25.306,3.953,651.25,643.5,1465.25
2023-04-25,77.07,80.77,2.307,2004.5,24.877,3.846,646.5,638.75,1445.25
2023-04-26,74.3,77.69,2.117,1996.0,24.871,3.85,641.5,627.25,1436.0
2023-04-27,74.76,78.37,2.355,1999.0,24.983,3.8645,627.0,614.75,1426.75
2023-04-28,76.78,79.54,2.41,1999.1,24.999,3.87,636.0,619.75,1444.25
2023-05-01,75.66,79.31,2.318,1992.2,25.009,3.917,639.5,603.75,1454.75
2023-05-02,71.66,75.32,2.214,2023.3,25.404,3.848,638.0,595.5,1439.5
2023-05-03,68.6,72.33,2.17,2037.0,25.476,3.8315,645.25,626.25,1448.0
2023-05-04,68.56,72.5,2.101,2055.7,26.035,3.85,646.5,631.5,1448.5
2023-05-05,71.34,75.3,2.137,2024.8,25.743,3.8715,653.25,647.0,1469.0
2023-05-08,73.16,77.01,2.238,2033.2,25.636,3.918,656.5,641.0,1468.75
2023-05-09,73.71,77.44,2.267,2042.9,25.698,3.889,642.25,630.5,1451.75
2023-05-10,72.56,76.41,2.191,2037.1,25.461,3.828,645.5,628.25,1436.5
2023-05-11,70.87,74.98,2.19,2020.5,24.255,3.6975,632.5,614.25,1443.25
2023-05-12,70.04,74.17,2.266,2019.8,23.992,3.7165,633.25,624.5,1435.0
2023-05-15,71.11,75.23,2.375,2022.7,24.127,3.7375,592.5,660.75,1400.75
2023-05-16,70.86,74.91,2.376,1993.0,23.737,3.6545,581.25,647.5,1364.0
2023-05-17,72.83,76.96,2.365,1984.9,23.752,3.743,561.5,625.5,1337.0
2023-05-18,71.86,75.86,2.592,1959.8,23.495,3.6815,555.25,611.75,1333.25
2023-05-19,71.55,75.58,2.585,1981.6,23.92,3.7225,554.5,605.0,1307.25
2023-05-22,71.99,75.99,2.4,1977.2,23.715,3.674,571.0,606.25,1341.25
2023-05-23,72.91,76.84,2.321,1974.5,23.474,3.6415,577.5,622.25,1322.5
2023-05-24,74.34,78.36,2.398,1964.6,23.115,3.5535,587.25,606.25,1324.5
2023-05-25,71.83,76.26,2.307,1943.7,22.786,3.5805,590.75,604.25,1324.0
2023-05-26,72.67,76.95,2.181,1944.3,23.24,3.6735,604.0,616.0,1337.25
2023-05-30,69.46,73.54,2.327,1958.0,23.125,3.658,594.0,591.0,1296.5
2023-05-31,68.09,72.66,2.266,1963.9,23.474,3.631,594.0,594.25,1299.75
2023-06-01,70.1,74.28,2.158,1995.5,23.875,3.7065,592.5,610.75,1329.5
2023-06-02,71.74,76.13,2.172,1969.6,23.643,3.7225,609.0,619.0,1352.5
2023-06-05,72.15,76.71,2.245,1974.3,23.534,3.7625,597.5,624.0,1350.0
2023-06-06,71.74,76.29,2.262,1981.5,23.574,3.767,608.0,627.75,1353.25
2023-06-07,72.53,76.95,2.329,1958.4,23.439,3.7545,604.25,616.75,1360.75
2023-06-08,71.29,75.96,2.352,1978.6,24.264,3.7965,610.25,626.25,1363.25
2023-06-09,70.17,74.79,2.254,1977.2,24.334,3.789,604.25,630.25,1386.5
2023-06-12,67.12,71.84,2.266,1969.7,23.985,3.7505,617.25,633.75,1372.75
2023-06-13,69.42,74.29,2.34,1958.6,23.756,3.8285,612.5,636.25,1399.25
2023-06-14,68.27,73.2,2.342,1968.9,24.044,3.866,607.75,630.25,1388.25
2023-06-15,70.62,75.67,2.533,1970.7,23.891,3.8965,623.25,661.5,1428.25
2023-06-16,71.78,76.61,2.632,1971.2,24.076,3.8845,640.25,688.0,1466.5
2023-06-20,70.5,75.9,2.492,1947.7,23.193,3.8785,643.75,695.75,1477.25
2023-06-21,72.53,77.12,2.597,1944.9,22.774,3.911,671.0,734.5,1514.75
2023-06-22,69.51,74.14,2.608,1923.7,22.436,3.8885,660.5,739.0,1500.5
2023-06-23,69.16,73.85,2.729,1929.6,22.328,3.806,630.75,733.25,1494.5
2023-06-26,69.37,74.18,2.791,1933.8,22.805,3.7865,637.25,724.25,1521.0
2023-06-27,67.7,72.26,2.763,1923.8,22.939,3.7815,623.0,685.0,1495.0
2023-06-28,69.56,74.03,2.603,1922.2,22.868,3.7205,590.0,655.75,1451.0
2023-06-29,69.86,74.34,2.701,1917.9,22.591,3.6775,581.0,653.0,1483.0
2023-06-30,70.64,74.9,2.798,1929.4,22.81,3.741,554.5,636.25,1557.25
2023-07-03,69.79,74.65,2.709,1929.5,22.896,3.779,557.25,628.5,1562.0
2023-07-05,71.79,76.65,2.657,1927.1,23.197,3.7535,548.25,662.0,1547.25
2023-07-06,71.8,76.52,2.609,1915.4,22.686,3.72,566.75,647.0,1525.75
2023-07-07,73.86,78.47,2.582,1932.5,23.092,3.767,560.5,639.5,1485.5
2023-07-10,72.99,77.69,2.669,1931.0,23.151,3.7715,570.75,636.25,1508.0
2023-07-11,74.83,79.4,2.731,1937.1,23.086,3.7535,571.75,649.5,1520.5
2023-07-12,75.75,80.11,2.632,1961.7,24.119,3.842,549.75,621.25,1488.5
2023-07-13,76.89,81.36,2.545,1963.8,24.768,3.9295,593.5,627.5,1518.0
2023-07-14,75.42,79.87,2.539,1964.4,25.014,3.922,599.75,641.5,1495.75
2023-07-17,74.15,78.5,2.512,1956.4,24.844,3.832,499.25,653.75,1484.0
2023-07-18,75.75,79.63,2.629,1980.8,25.084,3.816,528.75,670.75,1492.0
2023-07-19,75.35,79.46,2.603,1980.8,25.219,3.7995,545.5,727.75,1491.5
2023-07-20,75.63,79.64,2.757,1970.9,24.805,3.8175,537.25,727.0,1495.0
2023-07-21,77.07,81.07,2.713,1966.6,24.698,3.803,527.0,697.5,1501.0
2023-07-24,78.74,82.74,2.685,1962.2,24.436,3.8405,560.5,757.5,1523.25
2023-07-25,79.63,83.64,2.73,1963.7,24.68,3.902,557.5,760.25,1515.5
2023-07-26,78.78,82.92,2.665,1970.1,24.825,3.8905,540.25,720.0,1546.25
2023-07-27,80.09,84.24,2.492,1945.7,24.236,3.8635,533.25,712.75,1532.0
2023-07-28,80.58,84.99,2.638,1960.4,24.37,3.917,521.0,704.25,1486.75
2023-07-31,81.8,85.56,2.634,1970.5,24.854,3.9945,504.0,665.75,1445.75
2023-08-01,81.37,84.91,2.56,1978.8,24.208,3.8935,497.0,652.25,1446.75
2023-08-02,79.49,83.2,2.477,1975.0,23.754,3.8275,488.25,640.0,1429.75
2023-08-03,81.55,85.14,2.565,1968.8,23.586,3.876,480.75,627.0,1428.75
2023-08-04,82.82,86.24,2.577,1976.1,23.617,3.845,484.25,633.0,1444.0
2023-08-07,81.94,85.34,2.725,1970.0,23.142,3.813,482.25,657.5,1414.5
2023-08-08,82.92,86.17,2.777,1959.9,22.717,3.748,485.75,656.25,1430.0
2023-08-09,84.4,87.55,2.959,1950.6,22.65,3.7675,481.0,635.0,1431.5
2023-08-10,82.82,86.4,2.763,1948.9,22.746,3.751,483.25,637.75,1412.0
2023-08-11,83.19,86.81,2.77,1946.6,22.674,3.7145,474.5,626.75,1401.25
2023-08-14,82.51,86.21,2.795,1944.0,22.644,3.7245,475.75,616.0,1391.0
2023-08-15,80.99,84.89,2.659,1935.2,22.595,3.6615,464.0,598.5,1323.25
2023-08-16,79.38,83.45,2.592,1928.3,22.48,3.6515,469.5,597.75,1334.75
2023-08-17,80.39,84.12,2.621,1915.2,22.67,3.6855,473.0,589.5,1336.75
2023-08-18,81.25,84.8,2.551,1916.5,22.695,3.699,479.5,613.25,1362.75
2023-08-21,80.72,84.46,2.632,1923.0,23.304,3.712,469.25,599.25,1370.0
2023-08-22,80.35,84.03,2.56,1926.0,23.42,3.7505,466.5,601.75,1351.5
2023-08-23,78.89,83.21,2.497,1948.1,24.363,3.8035,476.25,612.5,1359.5
2023-08-24,79.05,83.36,2.519,1947.1,24.211,3.7675,472.25,604.0,1365.75
2023-08-25,79.83,84.48,2.54,1939.9,24.22,3.76,470.75,593.25,1381.0
2023-08-28,80.1,84.42,2.579,1946.8,24.238,3.754,478.5,588.0,1395.25
2023-08-29,81.16,85.49,2.556,1965.1,24.777,3.793,469.5,569.75,1382.0
2023-08-30,81.63,85.86,2.796,1973.0,24.734,3.785,461.75,576.75,1381.25
2023-08-31,83.63,86.86,2.768,1965.9,24.472,3.7725,461.0,573.0,1360.0
2023-09-01,85.55,88.55,2.765,1967.1,24.232,3.8125,464.75,567.5,1356.25
2023-09-05,86.69,90.04,2.582,1952.6,23.558,3.811,471.0,572.5,1349.0
2023-09-06,87.54,90.6,2.51,1944.2,23.206,3.7485,471.5,581.0,1360.25
2023-09-07,86.87,89.92,2.579,1942.5,22.95,3.726,470.75,571.5,1345.0
2023-09-08,87.51,90.65,2.605,1942.7,22.892,3.6805,468.5,567.25,1349.5
2023-09-11,87.29,90.64,2.608,1947.2,23.103,3.77,471.25,556.0,1352.5
2023-09-12,88.84,92.06,2.743,1935.1,23.127,3.752,463.25,560.25,1331.75
2023-09-13,88.52,91.88,2.68,1932.5,22.912,3.756,464.0,569.0,1336.0
2023-09-14,90.16,93.7,2.708,1932.8,22.748,3.7825,462.5,567.5,1343.75
2023-09-15,90.77,93.93,2.644,1946.2,23.126,3.7635,476.25,604.25,1340.25
2023-09-18,91.48,94.43,2.728,1953.4,23.232,3.7415,471.5,591.25,1316.75
2023-09-19,91.2,94.34,2.848,1953.7,23.194,3.714,476.25,584.0,1315.5
2023-09-20,90.28,93.53,2.733,1967.1,23.579,3.7465,482.25,588.75,1320.0
2023-09-21,89.63,93.3,2.61,1939.6,23.444,3.6665,475.25,575.75,1293.75
2023-09-22,90.03,93.27,2.637,1945.6,23.596,3.6655,477.25,579.5,1296.25
2023-09-25,89.68,93.29,2.639,1936.6,23.145,3.6495,481.25,589.0,1297.75
2023-09-26,90.39,93.96,2.656,1919.8,22.95,3.625,479.75,589.0,1302.75
2023-09-27,93.68,96.55,2.764,1890.9,22.477,3.627,483.25,579.5,1303.25
2023-09-28,91.71,95.38,2.945,1878.6,22.515,3.6945,488.5,578.75,1300.5
2023-09-29,90.79,95.31,2.929,1866.1,22.236,3.726,476.75,541.5,1275.0
2023-10-02,88.82,90.71,2.84,1847.2,21.218,3.632,488.75,564.75,1277.0
2023-10-03,89.23,90.92,2.949,1841.5,21.178,3.6155,487.5,568.5,1272.75
2023-10-04,84.22,85.81,2.962,1834.8,20.956,3.584,486.0,560.0,1273.0
2023-10-05,82.31,84.07,3.166,1831.8,20.848,3.547,497.5,578.25,1280.75
2023-10-06,82.79,84.58,3.338,1845.2,21.54,3.6245,492.0,568.25,1266.0
2023-10-09,86.38,88.15,3.376,1864.3,21.741,3.6425,488.25,572.75,1264.25
2023-10-10,85.97,87.65,3.382,1875.3,21.776,3.632,485.5,558.5,1271.5
2023-10-11,83.49,85.82,3.377,1887.3,21.957,3.614,488.0,556.0,1252.5
2023-10-12,82.91,86.0,3.344,1883.0,21.792,3.594,496.0,571.5,1290.0
2023-10-13,87.69,90.89,3.236,1941.5,22.727,3.58,493.25,579.75,1280.25
2023-10-16,86.66,89.65,3.109,1934.3,22.61,3.587,490.0,577.25,1286.25
2023-10-17,86.66,89.9,3.079,1935.7,22.863,3.5755,489.0,570.5,1296.75
2023-10-18,88.32,91.5,3.056,1968.3,22.944,3.582,492.0,580.25,1311.0
2023-10-19,89.37,92.38,2.957,1980.5,22.887,3.5915,505.0,594.0,1315.5
2023-10-20,88.75,92.16,2.899,1994.4,23.351,3.542,495.5,586.0,1302.25
2023-10-23,85.49,89.83,2.926,1987.8,23.072,3.573,490.25,587.25,1286.75
2023-10-24,83.74,88.07,2.971,1986.1,22.98,3.61,484.0,580.5,1295.25
2023-10-25,85.39,90.13,3.01,1994.9,22.877,3.572,480.0,568.5,1288.25
2023-10-26,83.21,87.93,3.214,1997.4,22.787,3.5685,479.25,579.5,1279.5
2023-10-27,85.54,90.48,3.164,1998.5,22.77,3.634,480.75,575.5,1297.25
2023-10-30,82.31,87.45,3.352,2005.6,23.282,3.6495,478.25,566.0,1282.75
2023-10-31,81.02,87.41,3.575,1994.3,22.841,3.6415,478.75,556.25,1287.0
2023-11-01,80.44,84.63,3.494,1987.5,22.685,3.645,475.0,561.75,1291.25
2023-11-02,82.46,86.85,3.472,1993.5,22.751,3.667,470.0,565.5,1304.0
2023-11-03,80.51,84.89,3.515,1999.2,23.201,3.6745,477.25,572.5,1327.5
2023-11-06,80.82,85.18,3.264,1988.6,23.149,3.7095,477.25,575.75,1340.5
2023-11-07,77.37,81.61,3.14,1973.5,22.508,3.67,468.5,570.25,1348.75
2023-11-08,75.33,79.54,3.106,1957.8,22.647,3.628,476.0,592.25,1349.0
2023-11-09,75.74,80.01,3.041,1969.8,22.831,3.635,468.0,580.75,1327.75
2023-11-10,77.17,81.43,3.033,1937.7,22.215,3.5835,464.0,575.25,1333.5
2023-11-13,78.26,82.52,3.197,1950.2,22.299,3.6625,477.25,579.0,1368.0
2023-11-14,78.26,82.47,3.106,1966.5,23.079,3.6825,478.25,572.0,1368.75
2023-11-15,76.66,81.18,3.19,1964.3,23.485,3.7175,470.75,560.5,1385.0
2023-11-16,72.9,77.42,3.062,1987.3,23.892,3.7045,474.75,553.5,1360.25
2023-11-17,75.89,80.61,2.96,1984.7,23.809,3.7375,467.0,550.75,1340.25
2023-11-20,77.6,82.32,2.882,1980.3,23.579,3.8125,469.5,543.5,1367.25
2023-11-21,77.77,82.45,2.846,2001.6,23.843,3.8145,470.0,555.0,1377.25
2023-11-22,77.1,81.96,2.897,1992.8,23.672,3.7665,468.75,555.75,1356.5
2023-11-23,,81.37,2.934,1993.3,,3.779,,,
2023-11-24,75.54,80.58,2.855,2003.0,24.329,3.7965,463.25,548.75,1330.75
2023-11-27,74.86,79.98,2.794,2012.4,24.672,3.7625,455.5,534.25,1329.75
2023-11-28,76.41,81.68,2.706,2040.0,24.93,3.801,451.5,543.75,1346.5
2023-11-29,77.86,83.1,2.804,2047.1,25.072,3.786,449.75,556.0,1347.0
2023-11-30,75.96,82.83,2.802,2038.1,25.293,3.829,461.75,570.25,1342.75
2023-12-01,74.07,78.88,2.814,2089.7,25.499,3.909,464.5,577.0,1325.0
2023-12-04,73.04,78.03,2.694,2042.2,24.555,3.8205,460.25,595.75,1306.25
2023-12-05,72.32,77.2,2.71,2036.3,24.201,3.7725,468.5,620.75,1305.5
2023-12-06,69.38,74.3,2.569,2047.9,23.889,3.7165,464.75,615.75,1295.5
2023-12-07,69.34,74.05,2.585,2046.4,23.732,3.7845,468.25,626.0,1311.75
2023-12-08,71.23,75.84,2.581,2014.5,22.971,3.82,465.75,615.0,1304.0
2023-12-11,71.32,76.03,2.431,1993.7,22.773,3.78,460.5,591.25,1336.0
2023-12-12,68.61,73.24,2.311,1993.2,22.728,3.786,462.5,607.0,1323.75
2023-12-13,69.47,74.26,2.335,1997.3,22.639,3.786,456.75,585.25,1307.5
2023-12-14,71.58,76.61,2.392,2044.9,24.096,3.8885,456.75,594.0,1314.0
2023-12-15,71.43,76.55,2.491,2035.7,23.87,3.885,483.0,629.25,1315.75
2023-12-18,72.47,77.95,2.503,2040.5,23.831,3.848,477.0,617.0,1327.0
2023-12-19,73.44,79.23,2.492,2052.1001,24.04,3.896,472.75,622.75,1312.5
2023-12-20,74.22,79.7,2.447,2047.7,24.347,3.9015,469.75,610.0,1308.25
2023-12-21,73.89,79.39,2.572,2051.3,24.307,3.9085,472.5,612.5,1297.25
2023-12-22,73.56,79.07,2.61,2069.1001,24.29,3.8955,473.0,616.25,1299.75
2023-12-26,75.57,81.07,2.55,2069.8,24.144,3.8955,480.25,636.25,1313.25
2023-12-27,74.11,79.65,2.619,2093.1001,24.375,3.9435,476.5,623.0,1316.75
2023-12-28,71.77,78.39,2.557,2083.5,24.134,3.913,474.25,631.5,1305.25
2023-12-29,71.65,77.04,2.514,2071.8,23.853,3.8805,471.25,628.0,1293.5
2024-01-02,70.38,75.89,2.568,2073.3999,23.733,3.869,463.75,606.75,1274.0
2024-01-03,72.7,78.25,2.668,2042.8,22.946,3.8475,465.25,600.25,1269.5
2024-01-04,72.19,77.59,2.821,2050.0,22.989,3.831,466.5,613.5,1262.0
2024-01-05,73.81,78.76,2.893,2049.8,23.122,3.7945,460.75,616.0,1249.75
2024-01-08,70.77,76.12,2.98,2033.5,23.12,3.7995,455.0,596.25,1239.5
2024-01-09,72.24,77.59,3.19,2033.0,22.904,3.7485,459.25,610.0,1241.5
2024-01-10,71.37,76.8,3.039,2027.8,22.884,3.781,459.5,610.75,1228.75
2024-01-11,72.02,77.41,3.097,2019.2,22.537,3.7765,457.75,603.75,1231.25
2024-01-12,72.68,78.29,3.313,2051.6001,23.162,3.74,447.0,596.0,1205.75
2024-01-16,72.4,78.29,2.9,2030.2,22.933,3.7665,443.5,582.0,1227.25
2024-01-17,72.56,77.88,2.87,2006.5,22.516,3.7325,442.25,582.5,1205.75
2024-01-18,74.08,79.1,2.697,2021.6,22.667,3.745,444.0,585.5,1213.5
2024-01-19,73.41,78.56,2.519,2029.3,22.571,3.787,445.5,593.25,1213.25
2024-01-22,75.19,80.06,2.419,2022.2,22.163,3.764,445.75,596.5,1224.25
2024-01-23,74.37,79.55,2.45,2025.8,22.334,3.7905,446.5,596.5,1239.5
2024-01-24,75.09,80.04,2.641,2016.0,22.755,3.8825,452.25,610.75,1240.25
2024-01-25,77.36,82.43,2.571,2017.8,22.808,3.8655,451.75,612.25,1223.0
2024-01-26,78.01,83.55,2.712,2017.3,22.755,3.8505,446.25,600.25,1209.25
2024-01-29,76.78,82.4,2.49,2025.4,23.138,3.873,440.25,593.5,1194.25
2024-01-30,77.82,82.87,2.077,2031.5,23.107,3.9065,447.75,605.5,1218.75
2024-01-31,75.85,81.71,2.1,2048.3999,23.051,3.9025,448.25,595.25,1222.25
2024-02-01,73.82,78.7,2.05,2071.1001,23.13,3.8525,447.25,601.5,1203.25
2024-02-02,72.28,77.33,2.079,2053.7,22.701,3.8215,442.75,599.75,1188.5
2024-02-05,72.78,77.99,2.082,2042.9,22.335,3.772,442.75,590.25,1196.25
2024-02-06,73.31,78.59,2.009,2051.3999,22.393,3.7825,438.75,595.0,1199.5
2024-02-07,73.86,79.21,1.967,2051.7,22.278,3.7375,434.25,602.0,1189.0
2024-02-08,76.22,81.63,1.917,2047.9,22.565,3.7055,433.25,588.5,1193.5
2024-02-09,76.84,82.19,1.847,2038.7,22.528,3.686,429.0,596.75,1183.5
2024-02-12,76.92,82.0,1.768,2033.0,22.709,3.7285,430.5,597.5,1193.0
2024-02-13,77.87,82.77,1.689,2007.2,22.096,3.714,430.75,597.5,1186.25
2024-02-14,76.64,81.6,1.609,2004.3,22.331,3.7005,424.25,585.5,1170.5
2024-02-15,78.03,82.86,1.581,2014.9,22.912,3.7565,417.75,567.0,1162.25
2024-02-16,79.19,83.47,1.609,2024.1,23.439,3.838,416.5,560.5,1172.25
2024-02-20,78.18,82.34,1.576,2039.8,23.106,3.8665,418.75,582.75,1179.0
2024-02-21,77.91,83.03,1.773,2034.3,22.851,3.8745,411.0,583.25,1160.75
2024-02-22,78.61,83.67,1.732,2030.7,22.765,3.8975,406.0,583.25,1147.75
2024-02-23,76.49,81.62,1.603,2049.3999,22.969,3.882,399.75,573.5,1133.0
2024-02-26,77.58,82.53,1.659,2038.9,22.517,3.824,407.0,577.25,1136.0
2024-02-27,78.87,83.65,1.615,2044.1,22.523,3.831,408.25,586.0,1131.25
2024-02-28,78.54,83.68,1.885,2042.7,22.41,3.8275,413.25,571.0,1134.0
2024-02-29,78.26,83.62,1.86,2054.7,22.666,3.8345,415.75,577.5,1128.25
2024-03-01,79.97,83.55,1.835,2095.7,23.15,3.855,412.25,560.0,1143.0
2024-03-04,78.74,82.8,1.916,2126.3,23.779,3.852,417.5,563.5,1147.0
2024-03-05,78.15,82.04,1.957,2141.8999,23.763,3.844,413.5,545.75,1140.75
2024-03-06,79.13,82.96,1.929,2158.2,24.272,3.8705,418.0,521.25,1140.25
2024-03-07,78.93,82.96,1.818,2165.2,24.37,3.9195,426.0,520.75,1157.0
2024-03-08,78.01,82.08,1.805,2185.5,24.339,3.885,426.25,526.75,1170.5
2024-03-11,77.93,82.21,1.759,2188.6001,24.512,3.9225,428.25,537.5,1165.0
2024-03-12,77.56,81.92,1.714,2166.1001,24.194,3.925,429.0,535.5,1182.0
2024-03-13,79.72,84.03,1.658,2180.8,24.959,4.0525,426.5,532.25,1181.75
2024-03-14,81.26,85.42,1.741,2167.5,24.874,4.037,422.5,519.5,1180.75
2024-03-15,81.04,85.34,1.655,2161.5,25.2,4.1125,436.75,528.5,1198.25
2024-03-18,82.72,86.89,1.703,2164.3,25.091,4.1145,436.0,542.75,1187.75
2024-03-19,83.47,87.38,1.744,2159.7,24.964,4.0585,439.5,552.5,1185.5
2024-03-20,81.68,85.95,1.699,2161.0,24.933,4.0385,439.0,545.0,1209.5
2024-03-21,81.07,85.78,1.683,2184.7,24.849,4.0465,440.75,546.75,1212.0
2024-03-22,80.63,85.43,1.659,2160.0,24.692,3.996,439.25,554.75,1192.5
2024-03-25,81.95,86.75,1.615,2176.3999,24.745,4.007,437.75,555.0,1209.25
2024-03-26,81.62,86.25,1.575,2177.2,24.483,3.996,432.5,543.5,1199.0
2024-03-27,81.35,86.09,1.718,2190.6001,24.625,3.9925,426.75,547.5,1192.5
2024-03-28,83.17,87.48,1.763,2217.3999,24.797,4.0035,442.0,560.25,1191.5
2024-04-01,83.71,87.42,1.837,2257.1001,24.954,4.046,435.5,557.0,1185.75
2024-04-02,85.15,88.92,1.862,2281.8,25.804,4.07,426.5,545.25,1174.0
2024-04-03,85.43,89.35,1.841,2315.0,26.945,4.193,431.75,556.0,1182.25
2024-04-04,86.59,90.65,1.774,2308.5,27.14,4.2465,435.25,556.25,1180.0
2024-04-05,86.91,91.17,1.785,2345.3999,27.4,4.2395,434.25,567.25,1185.0
2024-04-08,86.43,90.38,1.844,2351.0,27.712,4.277,435.5,565.75,1181.5
2024-04-09,85.23,89.42,1.872,2362.3999,27.891,4.286,431.25,557.75,1174.5
2024-04-10,86.21,90.48,1.885,2348.3999,27.961,4.282,434.25,558.5,1164.75
2024-04-11,85.02,89.74,1.764,2372.7,28.176,4.252,428.75,551.75,1159.25
2024-04-12,85.66,90.45,1.77,2374.1001,28.255,4.2575,435.5,556.0,1174.0
2024-04-15,85.41,90.1,1.691,2383.0,28.651,4.379,431.5,551.75,1158.25
2024-04-16,85.36,90.02,1.732,2407.8,28.318,4.3055,431.0,549.75,1145.0
2024-04-17,82.69,87.29,1.712,2388.3999,28.346,4.3425,430.25,537.0,1149.5
2024-04-18,82.73,87.11,1.757,2398.0,28.329,4.4405,426.75,536.75,1134.25
2024-04-19,83.14,87.29,1.752,2413.8,28.808,4.502,433.5,550.25,1150.5
2024-04-22,82.85,87.0,1.791,2346.3999,27.213,4.5005,439.75,570.25,1161.0
2024-04-23,83.36,88.42,1.812,2342.1001,27.331,4.4905,443.0,585.0,1167.5
2024-04-24,82.81,88.02,1.653,2338.3999,27.324,4.467,437.75,594.5,1166.0
2024-04-25,83.57,89.01,1.638,2342.5,27.342,4.5705,441.0,602.25,1162.75
2024-04-26,83.85,89.5,1.614,2347.2,27.241,4.569,440.0,603.25,1159.5
2024-04-29,82.63,88.4,2.03,2357.7,27.373,4.659,439.25,590.25,1160.75
2024-04-30,81.93,87.86,1.991,2302.8999,26.391,4.5645,439.5,585.0,1145.5
2024-05-01,79.0,83.44,1.932,2311.0,26.489,4.5525,443.25,581.5,1155.75
2024-05-02,78.95,83.67,2.035,2309.6001,26.583,4.494,452.0,586.5,1190.0
2024-05-03,78.11,82.96,2.142,2308.6001,26.445,4.5735,447.0,606.0,1201.75
2024-05-06,78.48,83.33,2.195,2331.2,27.369,4.6345,457.0,632.25,1234.75
2024-05-07,78.38,83.16,2.207,2324.2,27.303,4.6255,453.75,624.75,1232.25
2024-05-08,78.99,83.58,2.187,2322.3,27.361,4.562,445.5,616.0,1212.75
2024-05-09,79.26,83.88,2.301,2340.3,28.132,4.6075,442.75,619.75,1192.75
2024-05-10,78.26,82.79,2.252,2375.0,28.275,4.6935,455.75,645.75,1205.0
2024-05-13,79.12,83.36,2.381,2343.0,28.221,4.8045,458.5,670.25,1205.5
2024-05-14,78.02,82.38,2.344,2359.8999,28.485,4.9535,453.75,657.0,1199.0
2024-05-15,78.63,82.75,2.416,2394.8999,29.514,4.9695,462.5,665.75,1213.5
2024-05-16,79.23,83.27,2.495,2385.5,29.665,4.892,457.0,663.25,1216.25
2024-05-17,80.06,83.98,2.626,2417.3999,31.047,5.057,452.5,651.25,1228.0
2024-05-20,79.8,83.71,2.751,2438.5,32.205,5.0875,460.5,688.75,1248.0
2024-05-21,79.26,82.88,2.671,2425.8999,31.868,5.119,458.0,697.5,1236.25
2024-05-22,77.57,81.9,2.842,2392.8999,31.295,4.8675,461.25,693.0,1246.25
2024-05-23,76.87,81.36,2.657,2337.2,30.284,4.8165,464.0,698.0,1239.25
2024-05-24,77.72,82.12,2.52,2334.5,30.33,4.7785,464.75,697.25,1248.0
2024-05-28,79.83,84.22,2.59,2356.5,31.971,4.8755,462.5,700.25,1229.5
2024-05-29,79.23,83.6,2.493,2341.2,32.203,4.8055,455.25,692.75,1214.0
2024-05-30,77.91,81.86,2.572,2342.8999,31.388,4.672,448.75,681.0,1209.75
2024-05-31,76.99,81.62,2.587,2322.8999,30.297,4.61,446.25,678.5,1205.0
2024-06-03,74.22,78.36,2.756,2369.3,30.641,4.677,443.5,672.75,1184.5
2024-06-04,73.25,77.52,2.586,2347.3999,29.488,4.548,442.5,658.25,1179.0
2024-06-05,74.07,78.41,2.757,2375.5,29.948,4.6195,439.25,646.75,1177.25
2024-06-06,75.55,79.87,2.821,2390.8999,31.247,4.691,452.0,639.5,1200.0
2024-06-07,75.53,79.62,2.918,2325.0,29.335,4.4945,448.75,627.5,1179.25
2024-06-10,77.74,81.63,2.906,2327.0,29.769,4.5565,451.75,607.5,1188.25
2024-06-11,77.9,81.92,3.129,2326.6001,29.133,4.523,449.5,626.5,1178.0
2024-06-12,78.5,82.6,3.045,2354.8,30.176,4.5815,454.25,617.0,1177.25
2024-06-13,78.62,82.75,2.959,2318.0,28.99,4.5075,458.5,620.0,1189.5
2024-06-14,78.45,82.62,2.881,2349.1001,29.402,4.551,450.0,612.75,1179.75
2024-06-17,80.33,84.25,2.788,2329.0,29.325,4.5215,443.75,591.5,1157.75
2024-06-18,81.57,85.33,2.909,2346.8999,29.505,4.562,450.0,582.0,1174.0
2024-06-20,82.17,85.71,2.741,2369.0,30.776,4.618,439.75,572.75,1155.25
2024-06-21,80.73,85.24,2.705,2331.2,29.573,4.494,435.0,561.5,1160.5
2024-06-24,81.63,86.01,2.811,2344.3999,29.489,4.527,433.5,552.5,1175.25
2024-06-25,80.83,85.01,2.756,2330.8,28.837,4.381,425.5,541.75,1163.25
2024-06-26,80.9,85.25,2.628,2313.2,28.909,4.3675,420.0,541.25,1162.75
2024-06-27,81.74,86.39,2.685,2336.6001,28.918,4.3285,413.75,559.75,1152.25
2024-06-28,81.54,86.41,2.601,2339.6001,29.237,4.3905,397.25,553.5,1150.5
2024-07-01,83.38,86.6,2.478,2338.8999,29.3,4.4265,398.25,569.25,1159.5
2024-07-02,82.81,86.24,2.435,2333.3999,29.353,4.4295,402.0,561.5,1165.0
2024-07-03,83.88,87.34,2.418,2369.3999,30.548,4.541,403.5,554.5,1176.5
2024-07-05,83.16,86.54,2.319,2397.7,31.388,4.6585,411.25,572.25,1188.5
2024-07-08,82.33,85.75,2.366,2363.5,30.618,4.622,395.75,553.0,1174.25
2024-07-09,81.41,84.66,2.344,2367.8999,30.772,4.578,400.25,554.25,1161.5
2024-07-10,82.1,85.08,2.329,2379.7,30.727,4.6075,403.25,543.5,1141.25
2024-07-11,82.62,85.4,2.268,2421.8999,31.394,4.5085,406.75,554.25,1142.75
2024-07-12,82.21,85.03,2.329,2420.7,30.886,4.5985,400.0,538.0,1134.5
2024-07-15,81.91,84.85,2.158,2428.8999,30.672,4.529,390.5,532.5,1078.0
2024-07-16,80.76,83.73,2.188,2467.8,31.195,4.444,395.75,530.75,1090.5
2024-07-17,82.85,85.08,2.035,2459.8999,30.137,4.399,398.0,539.25,1097.25
2024-07-18,82.82,85.11,2.125,2456.3999,29.995,4.266,391.25,535.25,1098.5
2024-07-19,80.13,82.63,2.128,2399.1001,29.088,4.219,390.5,542.75,1097.25
2024-07-22,79.78,82.4,2.251,2394.7,29.124,4.1805,400.25,548.0,1117.75
2024-07-23,76.96,81.01,2.187,2407.3,29.132,4.146,402.5,542.75,1117.5
2024-07-24,77.59,81.71,2.117,2415.7,29.116,4.099,403.75,547.0,1111.0
2024-07-25,78.28,82.37,2.041,2353.5,27.807,4.1125,406.0,537.75,1116.0
2024-07-26,77.16,81.13,2.006,2381.0,27.86,4.1045,394.5,523.5,1077.5
2024-07-29,75.81,79.78,1.907,2377.8,27.703,4.062,396.25,531.0,1054.75
2024-07-30,74.73,78.63,2.126,2405.0,28.365,4.063,388.75,524.0,1027.25
2024-07-31,77.91,80.72,2.036,2426.5,28.778,4.16,382.75,527.25,1028.5
2024-08-01,76.31,79.52,1.968,2480.8,28.331,4.0665,382.0,532.0,1022.0
2024-08-02,73.52,76.81,1.967,2469.8,28.246,4.084,386.5,539.0,1029.25
2024-08-05,72.94,76.3,1.942,2444.3999,27.076,3.984,390.75,539.5,1044.25
2024-08-06,73.2,76.48,2.01,2431.6001,27.096,4.0115,388.75,543.25,1028.5
2024-08-07,75.23,78.33,2.112,2432.3999,26.83,3.9375,383.25,538.25,1020.25
2024-08-08,76.19,79.16,2.127,2463.3,27.5,3.945,379.25,537.5,1009.75
2024-08-09,76.84,79.66,2.143,2473.3999,27.487,3.98,376.75,542.5,1028.0
2024-08-12,80.06,82.3,2.189,2504.0,27.917,4.055,383.25,536.75,1012.0
2024-08-13,78.35,80.69,2.148,2507.8,27.695,4.036,377.75,528.75,989.0
2024-08-14,76.98,79.76,2.219,2479.7,27.254,4.025,381.0,534.75,979.75
2024-08-15,78.16,81.04,2.197,2492.3999,28.342,4.139,375.0,528.25,951.5
2024-08-16,76.65,79.68,2.123,2537.8,28.778,4.1275,370.5,530.0,938.75
2024-08-19,74.37,77.66,2.235,2541.3,29.24,4.1665,378.0,528.25,956.25
2024-08-20,74.04,77.2,2.198,2550.6001,29.455,4.1495,375.0,533.0,957.25
2024-08-21,71.93,76.05,2.177,2547.5,29.476,4.1815,375.5,519.75,963.0
2024-08-22,73.01,77.22,2.053,2516.7,29.006,4.141,371.5,511.0,941.25
2024-08-23,74.83,79.02,2.022,2546.3,29.786,4.1945,367.75,502.25,952.0
2024-08-26,77.42,81.43,1.956,2555.2,29.977,4.2115,362.0,498.0,959.75
2024-08-27,75.53,79.55,1.904,2552.8999,29.951,4.2305,367.25,508.25,967.5
2024-08-28,74.52,78.65,1.93,2537.8,29.176,4.145,365.25,514.25,958.5
2024-08-29,75.91,79.94,2.137,2560.3,29.557,4.1475,371.75,525.0,973.75
2024-08-30,73.55,78.8,2.127,2527.6001,28.731,4.145,378.0,532.75,982.0
2024-09-03,70.34,73.75,2.203,2523.0,27.951,4.032,386.5,552.0,997.0
2024-09-04,69.2,72.7,2.145,2526.0,28.167,4.0195,390.5,565.25,1006.0
2024-09-05,69.15,72.69,2.254,2543.1001,28.72,4.0775,390.0,561.0,1008.25
2024-09-06,67.67,71.06,2.275,2524.6001,27.808,4.0145,383.75,553.25,989.25
2024-09-09,68.71,71.84,2.17,2532.7,28.291,4.0845,384.25,555.5,1000.0
2024-09-10,65.75,69.19,2.232,2543.1001,28.257,4.0405,379.5,558.75,977.5
2024-09-11,67.31,70.61,2.27,2542.3999,28.563,4.083,380.5,563.75,979.75
2024-09-12,68.97,71.97,2.357,2580.6001,29.743,4.133,386.25,563.0,991.5
2024-09-13,68.65,71.61,2.305,2610.7,30.699,4.175,390.75,571.25,986.75
2024-09-16,70.09,72.75,2.373,2608.8999,30.771,4.213,410.75,578.5,1004.5
2024-09-17,71.19,73.7,2.324,2592.3999,30.619,4.2135,412.5,575.75,1006.0
2024-09-18,70.91,73.65,2.284,2598.6001,30.341,4.238,412.75,575.75,1014.0
2024-09-19,71.95,74.88,2.348,2614.6001,31.094,4.286,405.75,565.5,1013.25
2024-09-20,71.92,74.49,2.434,2646.2,31.176,4.2815,401.75,568.5,1012.0
2024-09-23,70.37,73.9,2.613,2652.5,30.767,4.289,413.5,582.5,1039.25
2024-09-24,71.56,75.17,2.551,2677.0,32.111,4.4295,411.75,578.0,1042.25
2024-09-25,69.69,73.46,2.637,2684.7,31.698,4.428,415.25,589.25,1053.25
2024-09-26,67.67,71.6,2.585,2694.8999,32.025,4.581,413.25,584.25,1041.0
2024-09-27,68.18,71.98,2.902,2668.1001,31.519,4.541,418.0,580.0,1065.75
2024-09-30,68.17,71.77,2.923,2659.3999,31.164,4.496,424.75,584.0,1057.0
2024-10-01,69.83,73.56,2.896,2690.3,31.445,4.5355,429.0,599.0,1057.25
2024-10-02,70.1,73.9,2.886,2669.7,31.628,4.596,432.5,615.25,1056.0
2024-10-03,73.71,77.62,2.97,2679.2,32.189,4.502,428.25,603.5,1046.0
2024-10-04,74.38,78.05,2.854,2667.8,32.128,4.5225,424.75,589.75,1037.75
2024-10-07,77.14,80.93,2.746,2666.0,31.745,4.519,426.0,592.5,1034.0
2024-10-08,73.57,77.18,2.733,2635.3999,30.355,4.412,420.75,594.75,1016.25
2024-10-09,73.24,76.58,2.66,2626.0,30.425,4.355,421.0,599.0,1020.25
2024-10-10,75.85,79.4,2.675,2639.3,31.005,4.385,418.5,603.75,1014.75
2024-10-11,75.56,79.04,2.632,2676.3,31.52,4.4515,415.75,599.0,1005.5
2024-10-14,73.83,77.46,2.494,2665.6001,31.083,4.3635,408.25,585.25,996.0
2024-10-15,70.58,74.25,2.498,2678.8999,31.527,4.3005,401.25,579.5,991.0
2024-10-16,70.39,74.22,2.367,2691.3,31.76,4.3315,404.75,585.0,980.0
2024-10-17,70.67,74.45,2.347,2707.5,31.573,4.2865,406.75,589.5,988.75
2024-10-18,69.22,73.06,2.258,2730.0,33.032,4.346,404.75,572.75,970.0
2024-10-21,70.56,74.29,2.312,2738.8999,33.869,4.323,409.5,572.25,981.0
2024-10-22,72.09,76.04,2.311,2759.8,34.831,4.348,416.5,576.0,991.75
2024-10-23,70.77,74.96,2.342,2729.3999,33.64,4.3045,419.0,578.5,997.5
2024-10-24,70.19,74.38,2.522,2748.8999,33.611,4.3195,421.5,581.5,996.25
2024-10-25,71.78,76.05,2.56,2754.6001,33.603,4.3395,415.25,569.0,987.75
2024-10-28,67.38,71.42,2.309,2755.8999,33.83,4.332,410.75,558.75,974.0
2024-10-29,67.21,71.12,2.346,2781.1001,34.269,4.3325,413.75,570.5,965.25
2024-10-30,68.61,72.55,2.845,2800.8,33.914,4.3275,411.5,573.25,976.5
2024-10-31,69.26,73.16,2.707,2749.3,32.653,4.3135,410.75,570.5,982.5
2024-11-01,69.49,73.1,2.663,2749.2,32.542,4.3475,414.5,568.0,982.5
2024-11-04,71.47,75.08,2.781,2746.2,32.48,4.407,416.5,568.75,987.25
2024-11-05,71.99,75.53,2.67,2749.7,32.655,4.4505,418.5,572.5,993.75
2024-11-06,71.69,74.92,2.747,2676.3,31.221,4.2225,426.25,573.25,994.5
2024-11-07,72.36,75.63,2.693,2705.8,31.765,4.41,427.5,571.5,1015.5
2024-11-08,70.38,73.87,2.669,2694.8,31.359,4.2865,431.0,572.5,1016.75
2024-11-11,68.04,71.83,2.92,2617.7,30.54,4.211,430.0,565.5,1011.75
2024-11-12,68.12,71.89,2.907,2606.3,30.686,4.1195,428.5,552.25,1003.5
2024-11-13,68.43,72.28,2.983,2586.5,30.59,4.066,426.5,541.0,1004.25
2024-11-14,68.7,72.56,2.785,2572.8999,30.508,4.073,419.0,530.25,985.75
2024-11-15,67.02,71.04,2.823,2570.1001,30.371,4.051,424.0,536.5,998.5
2024-11-18,69.16,73.3,2.973,2614.6001,31.163,4.108,429.25,547.25,1009.75
2024-11-19,69.39,73.31,2.998,2631.0,31.208,4.13,427.25,549.75,998.5
2024-11-20,68.87,72.81,3.193,2651.7,30.956,4.1435,430.25,552.5,990.5
2024-11-21,70.1,74.23,3.339,2674.8999,30.912,4.113,426.75,548.75,977.75
2024-11-22,71.24,75.17,3.129,2712.2,31.309,4.074,425.5,544.25,983.5
2024-11-25,68.94,73.01,3.369,2618.5,30.21,4.0915,424.75,535.75,985.75
2024-11-26,68.77,72.81,3.431,2621.3,30.388,4.039,420.0,539.5,983.5
2024-11-27,68.72,72.83,3.204,2639.8999,30.111,4.067,415.75,537.75,988.75
2024-11-29,68.0,72.94,3.363,2657.0,30.685,4.0805,423.0,532.25,989.5
2024-12-02,68.1,71.83,3.213,2658.5,30.449,4.0755,424.5,537.5,985.25
2024-12-03,69.94,73.62,3.042,2667.8999,31.077,4.146,423.25,536.75,991.75
2024-12-04,68.54,72.31,3.043,2676.2,31.505,4.142,422.0,538.0,983.75
2024-12-05,68.3,72.09,3.079,2648.3999,31.134,4.135,426.5,546.75,993.75
2024-12-06,67.2,71.12,3.076,2659.6001,31.186,4.1385,430.75,542.5,993.75
2024-12-09,68.37,72.14,3.182,2685.8,32.216,4.2235,434.0,541.25,990.0
2024-12-10,68.59,72.19,3.163,2718.3999,32.363,4.2235,440.5,542.0,994.75
2024-12-11,70.29,73.52,3.378,2756.7,32.562,4.214,438.0,543.5,995.5
2024-12-12,70.02,73.41,3.455,2709.3999,31.228,4.195,431.75,538.75,995.75
2024-12-13,71.29,74.49,3.28,2675.8,30.655,4.149,430.0,526.5,988.25
2024-12-16,70.71,73.91,3.214,2670.0,30.697,4.1435,445.0,550.0,982.0
2024-12-17,70.08,73.19,3.308,2662.0,30.573,4.0915,443.5,545.0,976.75
2024-12-18,70.58,73.39,3.374,2653.3,30.41,4.1,437.25,541.25,951.75
2024-12-19,69.91,72.88,3.584,2608.1001,29.094,4.0205,440.75,533.0,963.0
2024-12-20,69.46,72.94,3.748,2645.1001,29.66,4.041,446.25,533.0,974.5
2024-12-23,69.24,72.63,3.656,2628.2,29.888,4.023,447.75,540.5,969.5
2024-12-24,70.1,73.58,3.946,2635.5,29.974,4.0495,448.5,534.75,975.25
2024-12-26,69.62,73.26,3.715,2653.8999,30.047,4.072,453.75,541.0,988.0
2024-12-27,70.6,74.17,3.514,2631.8999,29.655,4.0625,454.0,546.5,980.0
2024-12-30,70.99,74.39,3.936,2618.1001,29.106,4.0455,452.25,548.25,982.0
2024-12-31,71.72,74.64,3.633,2641.0,28.94,3.986,458.5,551.5,998.25
2025-01-02,73.13,75.93,3.66,2669.0,29.622,3.9885,459.5,545.75,999.5
2025-01-03,73.96,76.51,3.354,2654.7,29.806,4.0395,450.75,529.25,981.0
2025-01-06,73.56,76.3,3.672,2647.3999,30.342,4.127,457.75,540.5,992.5
2025-01-07,74.25,77.05,3.449,2665.3999,30.447,4.1605,458.0,542.5,992.25
2025-01-08,73.32,76.16,3.651,2672.3999,30.452,4.2275,454.0,536.25,987.5
2025-01-09,73.92,76.92,3.701,2690.8,30.791,4.2795,456.0,534.0,992.25
2025-01-10,76.57,79.76,3.989,2715.0,31.091,4.2745,470.5,530.75,1013.5
2025-01-13,78.82,81.01,3.934,2678.6001,30.091,4.2955,476.5,545.0,1041.5
2025-01-14,77.5,79.92,3.968,2682.3,30.132,4.3105,474.5,546.25,1043.0
2025-01-15,80.04,82.03,4.083,2717.8,31.319,4.3595,478.75,547.0,1042.75
2025-01-16,78.68,81.29,4.258,2750.8999,31.523,4.4105,474.5,537.5,1019.0
2025-01-17,77.88,80.79,3.948,2748.7,30.951,4.3375,484.25,538.75,1034.0
2025-01-21,75.89,79.29,3.756,2759.2,31.311,4.311,490.0,558.75,1067.25
2025-01-22,75.44,79.0,3.96,2770.8999,31.239,4.2715,484.25,554.0,1056.0
2025-01-23,74.62,78.29,3.945,2765.0,30.673,4.2995,489.75,554.0,1065.5
2025-01-24,74.66,78.5,4.027,2778.8999,31.023,4.29,486.5,544.0,1055.75
2025-01-27,73.17,77.08,3.697,2738.3999,30.254,4.2035,482.0,535.5,1045.0
2025-01-28,73.77,77.49,3.471,2767.5,30.727,4.2205,485.25,545.25,1045.0
2025-01-29,72.62,76.58,3.535,2769.8,31.238,4.2575,497.0,562.5,1060.5
2025-01-30,72.73,76.87,3.047,2823.0,32.364,4.288,490.25,566.5,1044.0
2025-01-31,72.53,76.76,3.044,2812.5,32.128,4.262,482.0,559.5,1042.0
2025-02-03,73.16,75.96,3.352,2857.1001,32.392,4.294,488.75,566.75,1058.25
2025-02-04,72.7,76.2,3.253,2875.8,32.888,4.3425,494.5,577.0,1075.0
2025-02-05,71.03,74.61,3.36,2893.0,32.857,4.4345,493.25,572.25,1057.0
2025-02-06,70.61,74.29,3.408,2876.7,32.518,4.4535,495.25,587.75,1060.5
2025-02-07,71.0,74.66,3.309,2887.6001,32.335,4.5815,487.5,582.75,1049.5
2025-02-10,72.32,75.87,3.444,2934.3999,32.392,4.7005,491.5,579.5,1049.5
2025-02-11,73.32,77.0,3.519,2932.6001,32.231,4.5945,484.0,577.0,1043.5
2025-02-12,71.37,75.18,3.565,2928.7,32.695,4.698,490.25,574.25,1027.75
2025-02-13,71.29,75.02,3.628,2945.3999,32.65,4.769,493.5,577.75,1030.0
2025-02-14,70.74,74.74,3.725,2900.7,32.801,4.6565,496.25,600.0,1036.0
2025-02-18,71.85,75.84,4.007,2949.0,33.317,4.585,502.0,604.75,1038.5
2025-02-19,72.25,76.04,4.28,2936.1001,32.993,4.557,497.5,592.0,1031.75
2025-02-20,72.57,76.48,4.152,2956.1001,33.444,4.608,498.0,585.5,1045.5
2025-02-21,70.4,74.43,4.234,2953.2,32.976,4.56,491.25,590.0,1039.5
2025-02-24,70.7,74.78,3.994,2963.2,32.575,4.517,482.5,579.0,1029.0
2025-02-25,68.93,73.02,4.174,2918.8,31.801,4.486,479.75,572.75,1031.25
2025-02-26,68.62,72.53,3.906,2930.6001,32.253,4.542,478.25,566.0,1024.5
2025-02-27,70.35,74.04,3.934,2895.8999,31.801,4.58,464.75,546.75,1022.75
2025-02-28,69.76,73.18,3.834,2848.5,31.219,4.5145,453.5,537.0,1011.5
2025-03-03,68.37,71.62,4.122,2901.1001,32.032,4.5765,440.25,532.0,998.25
2025-03-04,68.26,71.04,4.35,2920.6001,32.108,4.5275,436.0,518.5,984.0
2025-03-05,66.31,69.3,4.45,2926.0,32.858,4.7665,440.25,530.75,997.75
2025-03-06,66.36,69.46,4.302,2926.6001,33.063,4.779,449.5,537.0,1014.0
2025-03-07,67.04,70.36,4.399,2914.1001,32.548,4.683,455.25,533.75,1010.25
2025-03-10,66.03,69.28,4.491,2899.3999,32.275,4.6395,458.75,545.25,999.75
2025-03-11,66.25,69.56,4.453,2920.8999,32.888,4.74,456.5,541.0,997.75
2025-03-12,67.68,70.95,4.084,2946.8,33.484,4.821,448.75,538.75,987.5
2025-03-13,66.55,69.88,4.111,2991.3,34.051,4.8985,453.5,547.25,996.75
2025-03-14,67.18,70.58,4.104,3001.1001,34.187,4.8695,445.5,545.75,999.25
2025-03-17,67.58,71.07,4.018,3006.1001,34.074,4.9335,461.0,568.5,1015.5
2025-03-18,66.9,70.56,4.052,3040.8,34.579,4.993,458.75,565.0,1012.75
2025-03-19,67.16,70.78,4.247,3041.2,33.975,5.076,462.0,563.5,1008.25
2025-03-20,68.26,72.0,3.975,3043.8,33.786,5.085,469.0,557.25,1013.0
2025-03-21,68.28,72.16,3.98,3021.3999,33.29,5.0875,464.25,558.25,1009.75
2025-03-24,69.11,73.0,3.914,3015.6001,33.265,5.064,464.5,548.25,1007.25
2025-03-25,69.0,73.02,3.84,3025.8999,34.002,5.183,457.75,543.25,1001.75
2025-03-26,69.65,73.79,3.861,3022.5,34.033,5.216,451.25,535.25,1001.0
2025-03-27,69.92,74.03,3.95,3061.0,34.897,5.0975,450.0,532.0,1016.75
2025-03-28,69.36,73.63,4.065,3086.5,34.644,5.1125,453.25,528.25,1023.0
2025-03-31,71.48,74.74,4.119,3122.8,34.457,5.02,457.25,537.0,1014.75
2025-04-01,71.2,74.49,3.951,3146.0,34.158,5.019,461.75,540.5,1034.25
2025-04-02,71.71,74.95,4.055,3166.2,34.499,5.0235,457.75,539.25,1029.5
2025-04-03,66.95,70.14,4.138,3121.7,31.844,4.811,457.5,536.0,1011.5
2025-04-04,61.99,65.58,3.837,3035.3999,29.116,4.3845,460.25,529.0,977.0
2025-04-07,60.7,64.21,3.655,2973.6001,29.51,4.169,464.5,536.5,983.0
2025-04-08,59.58,62.82,3.465,2990.2,29.592,4.1275,469.0,540.0,992.75
2025-04-09,62.35,65.48,3.816,3079.3999,30.323,4.1755,474.0,542.25,1012.75
2025-04-10,60.07,63.33,3.557,3177.5,30.671,4.321,483.0,538.0,1029.0
2025-04-11,61.5,64.76,3.527,3244.6001,31.824,4.5075,490.25,555.75,1042.75
2025-04-14,61.53,64.88,3.325,3226.3,32.092,4.6105,485.0,547.5,1041.75
2025-04-15,61.33,64.67,3.329,3240.3999,32.227,4.611,481.25,542.0,1036.0
2025-04-16,62.47,65.85,3.247,3346.3999,32.926,4.674,484.25,547.75,1038.75
2025-04-17,64.68,67.96,3.245,3328.3999,32.42,4.7315,482.25,548.75,1036.5
2025-04-21,63.08,66.26,3.016,3425.3,32.496,4.721,481.75,538.5,1029.5
2025-04-22,64.31,67.44,3.007,3419.3999,32.88,4.8705,475.75,535.5,1035.0
2025-04-23,62.27,66.12,3.022,3294.1001,33.518,4.8355,472.0,528.25,1040.25
2025-04-24,62.79,66.55,2.93,3348.6001,33.482,4.85,477.25,529.25,1053.0
2025-04-25,63.02,66.87,2.937,3298.3999,32.989,4.8355,478.75,530.0,1049.75
2025-04-28,62.05,65.86,3.17,3347.7,32.99,4.838,475.5,515.5,1052.0
2025-04-29,60.42,64.25,3.386,3333.6001,33.275,4.823,460.5,505.75,1041.0
2025-04-30,58.21,63.12,3.326,3319.1001,32.531,4.56,467.25,513.0,1034.75
2025-05-01,59.24,62.13,3.479,3222.2,32.189,4.581,464.25,515.25,1040.25
2025-05-02,58.29,61.29,3.63,3243.3,31.989,4.6275,461.25,526.5,1048.75
2025-05-05,57.13,60.23,3.55,3322.3,32.205,4.655,446.5,514.25,1038.0
2025-05-06,59.09,62.15,3.463,3422.8,33.113,4.735,447.5,519.0,1034.75
2025-05-07,58.07,61.12,3.621,3391.8999,32.531,4.6165,441.0,518.0,1030.5
2025-05-08,59.91,62.84,3.592,3306.0,32.378,4.561,439.0,513.0,1036.75
2025-05-09,61.02,63.91,3.795,3344.0,32.676,4.611,441.5,505.5,1044.0
2025-05-12,61.95,64.96,3.646,3228.0,32.388,4.5785,440.25,499.0,1066.0
2025-05-13,63.67,66.63,3.647,3247.8,32.868,4.6815,436.0,501.5,1067.25
2025-05-14,63.15,66.09,3.492,3188.3,32.226,4.611,438.5,508.75,1067.0
2025-05-15,61.62,64.53,3.362,3226.6001,32.481,4.6445,448.5,532.75,1051.25
2025-05-16,62.49,65.41,3.334,3187.2,32.158,4.5555,443.5,525.0,1050.0
2025-05-19,62.69,65.54,3.113,3233.5,32.313,4.6335,447.5,529.0,1050.75
2025-05-20,62.56,65.38,3.427,3284.6001,32.98,4.6195,454.5,546.0,1053.0
2025-05-21,61.57,64.91,3.368,3313.5,33.463,4.638,461.0,549.25,1062.75
2025-05-22,61.2,64.44,3.253,3295.0,33.047,4.6485,463.0,544.5,1067.5
2025-05-23,61.53,64.78,3.334,3365.8,33.442,4.8065,459.5,542.5,1060.25
2025-05-27,60.89,64.09,3.398,3300.3999,33.146,4.71,459.5,528.5,1062.5
2025-05-28,61.84,64.9,3.204,3294.8999,33.0,4.644,451.0,530.25,1048.5
2025-05-29,60.94,64.15,3.522,3317.1001,33.283,4.6535,447.0,534.0,1051.75
2025-05-30,60.79,63.9,3.447,3288.8999,32.892,4.6525,444.0,534.0,1041.75
2025-06-02,62.52,64.63,3.694,3397.2,34.563,4.8345,438.25,539.0,1033.5
2025-06-03,63.41,65.63,3.722,3377.1001,34.503,4.8095,438.5,536.0,1040.75
2025-06-04,62.85,64.86,3.716,3399.2,34.519,4.8645,438.75,543.25,1045.0
2025-06-05,63.37,65.34,3.677,3375.1001,35.689,4.9135,439.5,545.5,1051.75
2025-06-06,64.58,66.47,3.784,3346.6001,36.025,4.83,442.5,554.75,1057.25
2025-06-09,65.29,67.04,3.635,3354.8999,36.688,4.9095,433.5,542.0,1056.0
2025-06-10,64.98,66.87,3.533,3343.3999,36.542,4.884,438.75,534.5,1057.75
2025-06-11,68.15,69.77,3.507,3343.7,36.166,4.801,437.0,534.25,1050.5
2025-06-12,68.04,69.36,3.492,3402.3999,36.213,4.8215,438.5,526.5,1042.25
2025-06-13,72.98,74.23,3.581,3452.8,36.281,4.803,444.5,543.75,1069.75
2025-06-16,71.77,73.23,3.748,3417.3,36.379,4.8265,434.75,536.5,1069.75
2025-06-17,74.84,76.45,3.851,3406.8999,37.09,4.8005,431.5,549.0,1074.0
2025-06-18,75.14,76.7,3.989,3408.1001,36.866,4.845,433.5,574.25,1074.75
2025-06-20,74.93,77.01,3.847,3385.7,35.976,4.826,428.75,567.75,1068.0
2025-06-23,68.51,71.48,3.698,3395.0,36.153,4.843,419.25,552.75,1058.75
2025-06-24,64.37,67.14,3.537,3333.8999,35.701,4.867,416.25,535.75,1046.75
2025-06-25,64.92,67.68,3.406,3343.1001,36.085,4.913,410.25,528.25,1025.25
2025-06-26,65.24,67.73,3.261,3348.0,36.586,5.0655,409.5,521.0,1022.75
2025-06-27,65.52,67.77,3.739,3287.6001,36.037,5.0685,417.5,524.75,1027.75
2025-06-30,65.11,67.61,3.456,3307.7,35.852,5.03,420.5,528.75,1024.25
2025-07-01,65.45,67.11,3.415,3349.8,36.082,5.048,420.0,537.25,1024.75
2025-07-02,67.45,69.11,3.488,3359.7,36.426,5.149,429.25,556.0,1050.5
2025-07-03,67.0,68.8,3.409,3342.8999,36.784,5.097,431.5,547.75,1056.25
2025-07-04,66.5,68.29,3.387,3346.5,36.775,5.0185,,,
2025-07-07,67.93,69.58,3.412,3342.8,36.615,4.9845,418.0,539.75,1031.75
2025-07-08,68.33,70.15,3.34,3316.8999,36.472,5.645,411.0,543.0,1024.25
2025-07-09,68.38,70.19,3.214,3321.0,36.351,5.4435,412.5,542.75,1012.25
2025-07-10,66.57,68.64,3.337,3325.7,37.038,5.548,407.25,550.25,1012.5
2025-07-11,68.45,70.36,3.314,3364.0,38.676,5.562,403.0,540.75,1004.0
2025-07-14,66.98,69.21,3.466,3359.1001,38.462,5.515,412.75,534.0,997.0
2025-07-15,66.52,68.71,3.523,3336.7,37.834,5.546,401.25,538.0,995.0
2025-07-16,66.38,68.52,3.551,3359.1001,37.853,5.4965,405.25,541.25,1013.5
2025-07-17,67.54,69.52,3.542,3345.3,38.056,5.486,402.0,533.5,1021.5
2025-07-18,67.34,69.28,3.565,3358.3,38.223,5.578,408.5,546.25,1027.75
2025-07-21,67.2,69.21,3.325,3406.3999,39.101,5.6105,403.75,542.25,1015.0
2025-07-22,66.21,68.59,3.252,3443.7,39.32,5.697,399.25,549.5,1010.25
2025-07-23,65.25,68.51,3.077,3397.6001,39.278,5.795,398.5,540.5,1005.75
2025-07-24,66.03,69.18,3.094,3373.5,39.021,5.777,401.75,541.5,1004.25
2025-07-25,65.16,68.44,3.11,3335.6001,38.167,5.7635,399.5,538.25,998.75
2025-07-28,66.71,70.04,2.988,3310.0,38.026,5.595,393.75,538.5,988.75
2025-07-29,69.21,72.51,3.081,3324.0,38.084,5.6035,389.25,529.75,981.75
2025-07-30,70.0,73.24,3.045,3295.8,37.566,5.57,391.75,523.75,967.75
2025-07-31,69.26,72.53,3.106,3293.2,36.552,4.3305,394.0,523.25,961.75
2025-08-01,67.33,69.67,3.083,3399.8,36.787,4.4125,389.5,516.75,961.75
2025-08-04,66.29,68.76,2.932,3426.3999,37.192,4.415,387.0,516.75,969.0
2025-08-05,65.16,67.64,3.01,3434.7,37.687,4.364,381.5,508.25,969.0
2025-08-06,64.35,66.89,3.077,3433.3999,37.766,4.391,379.75,508.5,961.5
2025-08-07,63.88,66.43,3.067,3453.7,38.158,4.3785,384.5,518.25,971.75
2025-08-08,63.88,66.59,2.99,3491.3,38.417,4.4555,382.75,514.5,966.75
2025-08-11,63.96,66.63,2.954,3404.7,37.662,4.4235,385.0,515.0,989.5
2025-08-12,63.17,66.12,2.808,3399.0,37.899,4.5085,371.5,505.0,1011.75
2025-08-13,62.65,65.63,2.828,3408.3,38.499,4.482,374.0,507.25,1023.5
2025-08-14,63.96,66.84,2.841,3383.2,37.982,4.4645,375.0,503.5,1008.5
2025-08-15,62.8,65.85,2.916,3382.6001,37.894,4.478,383.75,506.5,1022.25
2025-08-18,63.42,66.6,2.89,3378.0,37.951,4.457,383.0,502.75,1020.75
2025-08-19,62.35,65.79,2.766,3358.7,37.261,4.409,379.5,498.5,1013.0
2025-08-20,63.21,66.84,2.752,3388.5,37.705,4.426,380.0,505.5,1015.0
2025-08-21,63.52,67.67,2.826,3381.6001,38.027,4.4315,387.25,507.0,1034.5
2025-08-22,63.66,67.73,2.698,3418.5,39.003,4.4475,388.25,504.75,1036.5
2025-08-25,64.8,68.8,2.696,3417.5,38.677,4.4665,389.25,506.75,1025.5
2025-08-26,63.25,67.22,2.717,3433.0,38.582,4.4505,387.5,509.5,1028.75
2025-08-27,64.15,68.05,2.867,3448.6001,38.689,4.4145,382.5,502.25,1027.25
2025-08-28,64.6,68.62,2.944,3474.3,39.19,4.4635,385.5,510.25,1028.25
2025-08-29,64.01,68.12,2.997,3516.1001,40.2,4.5185,398.0,518.0,1036.75
2025-09-02,65.59,69.14,3.009,3592.2,41.071,4.5695,403.0,513.0,1025.75
2025-09-03,63.97,67.6,3.064,3635.5,41.542,4.5585,397.75,504.0,1016.0
2025-09-04,63.48,66.99,3.074,3606.7,40.911,4.488,399.75,502.25,1012.0
2025-09-05,61.87,65.5,3.048,3653.3,41.074,4.4825,399.0,501.0,1006.5
2025-09-08,62.26,66.02,3.09,3677.3999,41.426,4.4905,403.0,505.5,1013.5
2025-09-09,62.63,66.39,3.117,3682.2,40.878,4.501,401.25,500.75,1011.5
2025-09-10,63.67,67.49,3.029,3682.0,41.133,4.55,397.25,495.0,1005.5
2025-09-11,62.37,66.37,2.934,3673.6001,41.697,4.5905,399.0,503.0,1015.25
2025-09-12,62.69,66.99,2.941,3686.3999,42.387,4.5885,399.0,503.0,1025.75
2025-09-15,63.3,67.44,3.043,3719.0,42.517,4.6555,423.25,525.0,1042.75
2025-09-16,64.52,68.47,3.103,3725.1001,42.471,4.633,429.5,534.0,1049.75
2025-09-17,64.05,67.95,3.1,3717.8,41.722,4.571,426.75,528.25,1043.75
2025-09-18,63.57,67.44,2.939,3678.3,41.707,4.541,423.75,524.25,1037.5
2025-09-19,62.68,66.68,2.888,3705.8,42.536,4.569,424.0,522.5,1025.5
2025-09-22,62.64,66.57,2.806,3775.1001,43.799,4.573,421.75,510.75,1011.0
2025-09-23,63.41,67.63,2.853,3815.7,44.192,4.5845,426.25,520.5,1012.0
2025-09-24,64.99,69.31,2.858,3768.1001,43.777,4.7525,424.25,519.5,1009.0
2025-09-25,64.98,69.42,2.904,3771.1001,44.697,4.7,425.75,527.0,1012.25
2025-09-26,65.72,70.13,2.835,3809.0,46.221,4.7155,422.0,519.75,1013.75
2025-09-29,63.45,67.97,3.267,3855.2,46.612,4.841,421.5,519.5,1010.5
2025-09-30,62.37,67.02,3.303,3873.2,46.253,4.805,415.5,508.0,1001.75
2025-10-01,61.78,65.35,3.476,3897.5,47.29,4.8305,416.5,509.25,1013.0
2025-10-02,60.48,64.11,3.442,3868.1001,46.0,4.898,421.75,514.75,1023.75
2025-10-03,60.88,64.53,3.324,3908.8999,47.597,5.058,419.0,515.25,1018.0
2025-10-06,61.69,65.47,3.357,3976.3,48.082,4.987,421.75,512.75,1017.75
2025-10-07,61.73,65.45,3.498,4004.3999,47.179,5.048,419.75,506.75,1022.0
2025-10-08,62.55,66.25,3.333,4070.5,48.656,5.046,422.0,507.25,1029.5
2025-10-09,61.51,65.22,3.269,3972.6001,46.85,5.0755,418.25,506.5,1022.25
2025-10-10,58.9,62.73,3.106,4000.3999,46.938,4.8485,413.0,498.5,1006.75
2025-10-13,59.49,63.32,3.118,4133.0,50.13,5.1005,410.75,496.75,1007.75
2025-10-14,58.7,62.39,3.028,4163.3999,50.314,4.9805,413.0,500.25,1006.5
2025-10-15,58.27,61.91,3.016,4201.6001,51.073,4.972,416.75,498.75,1006.5
2025-10-16,57.46,61.06,2.938,4304.6001,53.023,4.958,421.75,502.5,1010.75
2025-10-17,57.54,61.29,3.008,4213.2998,49.864,4.9315,422.5,503.75,1019.5
2025-10-20,57.52,61.01,3.397,4359.3999,51.119,4.998,423.25,504.75,1031.75
2025-10-21,57.82,61.32,3.474,4109.1001,47.45,4.93,419.75,500.25,1030.75
2025-10-22,58.5,62.59,3.45,4065.3999,47.461,4.961,423.0,503.75,1034.75
2025-10-23,61.79,65.99,3.344,4145.6001,48.482,5.082,428.0,513.0,1044.75
2025-10-24,61.5,65.94,3.304,4137.7998,48.377,5.0935,423.25,512.5,1041.75
2025-10-27,61.31,65.62,3.442,4019.7,46.562,5.1405,428.75,526.0,1067.25
2025-10-28,60.15,64.4,3.345,3983.1001,47.125,5.1405,432.0,529.0,1078.25
2025-10-29,60.48,64.92,3.376,4000.7,47.721,5.2335,434.0,532.25,1080.25
2025-10-30,60.57,65.0,3.956,4015.8999,48.428,5.078,430.25,524.25,1091.25
2025-10-31,60.98,65.07,4.124,3996.5,47.994,5.0655,431.5,534.0,1099.75
2025-11-03,61.05,64.89,4.266,4014.0,47.888,5.047,434.25,543.5,1119.75
2025-11-04,60.56,64.44,4.343,3960.5,47.13,4.926,431.5,550.25,1108.25
2025-11-05,59.6,63.52,4.232,3992.8999,47.863,4.963,435.25,554.75,1119.75
2025-11-06,59.43,63.38,4.357,3991.0,47.794,4.9455,428.75,535.5,1091.75
2025-11-07,59.75,63.63,4.315,4009.8,48.017,4.938,427.25,527.75,1101.75
2025-11-10,60.13,64.06,4.338,4122.0,50.177,5.087,429.75,535.75,1116.0
2025-11-11,61.04,65.16,4.565,4116.2998,50.618,5.0485,432.0,536.0,1113.25
2025-11-12,58.49,62.71,4.533,4213.6001,53.332,5.0895,435.25,536.0,1120.5
2025-11-13,58.69,63.01,4.646,4194.5,53.074,5.0875,441.5,535.75,1132.0
2025-11-14,60.09,64.39,4.566,4094.2,50.59,5.0495,430.25,527.25,1112.75
2025-11-17,59.91,64.2,4.361,4074.5,50.625,5.0,434.75,544.25,1157.25
2025-11-18,60.74,64.89,4.371,4066.5,50.45,4.9625,436.75,546.5,1153.5
2025-11-19,59.44,63.51,4.55,4082.8,50.79,5.008,429.75,536.75,1136.25
2025-11-20,59.14,63.38,4.474,4060.0,50.247,4.9595,426.5,527.0,1122.5
2025-11-21,58.06,62.56,4.58,4079.5,49.873,5.0085,425.5,527.0,1125.0
2025-11-24,58.84,63.37,4.549,4094.2,50.295,4.962,423.75,522.25,1123.25
2025-11-25,57.95,62.48,4.424,4140.0,50.934,4.9995,423.5,527.25,1124.75
2025-11-26,58.65,63.13,4.558,4165.2002,52.916,5.1045,431.75,529.0,1131.5
2025-11-28,58.55,63.2,4.85,4254.8999,56.446,5.1855,435.5,531.0,1137.75
2025-12-01,59.32,63.17,4.921,4274.7998,58.418,5.219,432.75,530.25,1128.0
2025-12-02,58.64,62.45,4.84,4220.7998,57.983,5.161,438.0,537.75,1124.75
2025-12-03,58.95,62.67,4.995,4232.5,57.921,5.308,431.5,537.75,1115.75
2025-12-04,59.67,63.26,5.063,4243.0,56.847,5.2915,437.75,541.0,1119.5
2025-12-05,60.08,63.75,5.289,4243.0,58.422,5.382,436.75,537.5,1105.25
2025-12-08,58.88,62.49,4.912,4217.7002,57.779,5.3645,436.25,536.0,1093.75
2025-12-09,58.25,61.94,4.574,4236.2002,60.169,5.2405,440.75,536.25,1087.25
2025-12-10,58.46,62.21,4.595,4224.7002,60.379,5.2755,434.75,531.25,1091.25
2025-12-11,57.6,61.28,4.231,4313.0,63.929,5.427,435.25,534.5,1093.5
2025-12-12,57.44,61.12,4.113,4328.2998,61.362,5.2835,431.5,534.5,1076.75
2025-12-15,56.82,60.56,4.012,4335.2002,62.94,5.3385,439.75,520.75,1071.75
2025-12-16,55.27,58.92,3.886,4332.2998,62.7,5.287,436.5,509.5,1062.75
2025-12-17,55.94,59.68,4.024,4373.8999,66.237,5.3635,440.5,506.25,1058.25
2025-12-18,56.15,59.82,3.908,4364.5,64.592,5.3665,444.5,507.75,1052.25
2025-12-19,56.66,60.47,3.984,4387.2998,66.845,5.4395,443.75,509.75,1049.25
2025-12-22,58.01,62.07,3.965,4469.3999,67.906,5.4375,447.0,515.5,1053.25
2025-12-23,58.38,62.38,4.408,4505.7002,70.485,5.476,447.5,517.0,1051.5
2025-12-24,58.35,62.24,4.242,4502.7998,71.031,5.4985,451.0,521.75,1063.25
2025-12-26,56.74,60.64,4.366,4552.7002,76.486,5.7665,450.0,519.0,1058.75
2025-12-29,58.08,61.94,4.687,4343.6001,69.856,5.4905,442.25,513.0,1049.5
2025-12-30,57.95,61.92,3.972,4386.2998,77.374,5.7275,440.5,510.75,1046.25
2025-12-31,57.42,60.85,3.686,4341.1001,70.134,5.63,440.25,507.0,1030.5
2026-01-02,57.32,60.75,3.618,4329.6001,70.556,5.64,437.5,506.5,1029.5
2026-01-05,58.32,61.76,3.523,4451.5,76.164,5.9245,444.5,512.5,1047.25
2026-01-06,57.13,60.7,3.35,4496.1001,80.53,6.0105,444.0,510.5,1042.0
2026-01-07,55.99,59.96,3.525,4462.5,77.135,5.809,446.75,518.0,1052.75
2026-01-08,57.76,61.99,3.407,4460.7002,74.716,5.7465,446.0,518.0,1047.0
2026-01-09,59.12,63.34,3.169,4500.8999,78.884,5.8555,445.75,517.25,1048.5
2026-01-12,59.5,63.87,3.409,4614.7002,84.61,5.985,421.5,511.25,1033.0
2026-01-13,61.15,65.47,3.419,4599.1001,85.877,5.97,419.75,510.5,1023.25
2026-01-14,62.02,66.52,3.12,4635.7002,90.869,6.009,422.0,512.5,1030.5
2026-01-15,59.19,63.76,3.128,4623.7002,91.876,5.948,420.25,510.5,1053.0
2026-01-16,59.44,64.13,3.103,4595.3999,88.091,5.7885,424.75,518.0,1057.75
2026-01-20,60.34,64.92,3.907,4765.7998,94.206,5.773,423.75,510.25,1053.0
2026-01-21,60.62,65.24,4.875,4837.5,92.21,5.7295,421.75,507.75,1064.5
2026-01-22,59.36,64.06,5.045,4913.3999,95.976,5.7425,424.0,515.5,1064.0
2026-01-23,61.07,65.88,5.275,4979.7002,100.925,5.911,430.5,529.5,1067.75
2026-01-26,60.63,65.59,6.8,5082.5,115.08,5.984,428.25,522.5,1061.75
2026-01-27,62.39,67.57,6.954,5082.6001,105.523,5.8285,426.5,523.25,1067.25
2026-01-28,63.21,68.4,7.46,5303.6001,113.111,5.8925,430.0,536.0,1075.0
2026-01-29,65.42,70.71,3.918,5318.3999,114.037,6.1755,430.75,541.5,1072.25
2026-01-30,65.21,70.69,4.354,4745.1001,78.29,5.897,428.25,538.0,1064.25
2026-02-02,62.14,66.3,3.237,4652.6001,76.778,5.8015,425.75,527.75,1060.25
2026-02-03,63.21,67.33,3.311,4935.0,83.042,6.0625,428.5,528.75,1065.75
2026-02-04,65.14,69.46,3.465,4950.7998,84.165,5.826,429.5,526.75,1092.25
2026-02-05,63.29,67.55,3.509,4889.5,76.529,5.799,435.0,535.25,1112.25
2026-02-06,63.55,68.05,3.422,4979.7998,76.735,5.8635,430.25,529.75,1115.25
2026-02-09,64.36,69.04,3.138,5079.3999,82.065,5.945,428.75,528.75,1110.75
2026-02-10,63.96,68.8,3.115,5031.0,80.218,5.896,428.75,528.25,1122.5
2026-02-11,64.63,69.4,3.159,5098.5,83.754,5.949,427.5,537.25,1124.0
2026-02-12,62.84,67.52,3.217,4948.3999,75.546,5.771,431.25,552.5,1137.25
2026-02-13,62.89,67.75,3.243,5046.2998,77.851,5.7925,431.75,548.75,1133.0
2026-02-17,62.33,67.42,3.031,4905.8999,73.447,5.633,426.25,537.75,1134.0
2026-02-18,65.19,70.35,3.011,5009.5,77.509,5.7935,427.0,547.0,1133.5
2026-02-19,66.43,71.66,2.996,4997.3999,77.565,5.73,425.75,559.5,1141.0
2026-02-20,66.39,71.76,3.047,5080.8999,82.283,5.831,427.5,573.5,1137.5
2026-02-23,66.31,71.49,2.985,5225.6001,86.523,5.773,427.5,569.5,1134.25
2026-02-24,65.63,70.77,2.915,5176.2998,87.457,5.923,427.75,567.5,1139.5
2026-02-25,65.42,70.85,2.969,5226.2002,90.939,5.9795,430.5,565.75,1148.25
2026-02-26,65.21,70.75,2.827,5194.2002,86.998,5.947,433.25,571.75,1147.75
2026-02-27,67.02,72.48,2.859,5247.8999,92.682,6.0045,438.75,591.25,1157.25
2026-03-02,71.23,77.74,2.96,5311.6001,88.284,5.8945,433.25,574.5,1150.0
2026-03-03,74.56,81.4,3.054,5123.7002,82.923,5.7735,434.25,572.25,1155.75
2026-03-04,74.66,81.4,2.917,5134.7002,82.633,5.855,431.75,566.75,1154.5
2026-03-05,81.01,85.41,3.003,5078.7002,81.687,5.753,441.5,582.75,1163.75
2026-03-06,90.9,92.69,3.186,5158.7002,83.816,5.757,447.0,611.25,1185.0
2026-03-09,94.77,98.96,3.12,5103.7002,84.032,5.8005,437.5,598.0,1180.5
2026-03-10,83.45,87.8,3.02,5242.1001,89.083,5.904,436.25,584.75,1187.25
2026-03-11,87.25,91.98,3.209,5179.1001,85.065,5.8455,444.25,588.5,1200.5
2026-03-12,95.73,100.46,3.233,5125.7998,84.67,5.8245,448.25,592.25,1213.0
2026-03-13,98.71,103.14,3.131,5061.7002,80.914,5.7145,452.5,618.5,1211.0
2026-03-16,93.5,100.21,3.023,5002.2002,80.263,5.7905,454.0,597.25,1155.25
2026-03-17,96.21,103.42,3.033,5008.2002,79.53,5.7265,454.0,589.75,1157.0
2026-03-18,96.32,107.38,3.065,4896.2002,77.238,5.554,463.25,604.25,1161.75
2026-03-19,96.14,108.65,3.166,4605.7002,70.902,5.433,469.75,608.0,1168.5
2026-03-20,98.32,112.19,3.095,4574.8999,69.36,5.3425,465.5,595.25,1161.25
2026-03-23,88.13,99.94,2.891,4407.2998,69.049,5.4395,459.5,587.75,1163.5
2026-03-24,92.35,104.49,2.943,4402.0,69.274,5.4225,462.5,590.0,1155.0
2026-03-25,90.32,102.22,2.952,4552.2998,72.361,5.529,467.25,597.75,1171.75
2026-03-26,94.48,108.01,2.999,4376.2998,67.671,5.4465,467.0,605.0,1173.75
2026-03-27,99.64,112.57,3.095,4492.5,69.545,5.467,462.0,605.0,1159.25
2026-03-30,102.88,112.78,2.887,4526.0,70.324,5.476,455.75,607.0,1159.75
2026-03-31,101.38,118.35,2.884,4647.6001,74.69,5.5875,457.75,616.25,1171.0
2026-04-01,100.12,101.16,2.819,4813.1001,75.867,5.624,454.25,597.5,1168.5
2026-04-02,111.54,109.03,2.8,4679.7002,72.735,5.563,452.25,598.25,1163.5
2026-04-06,112.41,109.77,2.811,4684.7002,72.661,5.5835,454.0,595.25,1166.75
2026-04-07,112.95,109.27,2.87,4684.7002,71.826,5.5445,449.0,598.0,1158.25
2026-04-08,94.41,94.75,2.724,4777.2002,75.224,5.7595,447.25,580.25,1162.0
2026-04-09,97.87,95.92,2.67,4818.0,76.277,5.748,444.0,574.5,1165.25
2026-04-10,96.57,95.2,2.648,4787.3999,76.324,5.8705,441.0,571.0,1175.75
2026-04-13,99.08,99.36,2.627,4767.3999,75.523,5.976,440.25,582.25,1162.25
2026-04-14,91.28,94.79,2.599,4850.1001,79.391,6.0705,443.0,592.0,1158.0
2026-04-15,91.29,94.93,2.61,4823.6001,79.491,6.072,451.25,593.75,1167.0
2026-04-16,94.69,99.39,2.647,4808.2998,78.606,6.0665,448.5,598.5,1163.75
2026-04-17,83.85,90.38,2.674,4879.6001,81.738,6.1035,448.75,591.25,1167.25
2026-04-20,89.61,95.48,2.689,4828.7998,79.951,6.036,452.0,597.0,1165.75
2026-04-21,92.13,98.48,2.697,4719.6001,76.411,6.0015,453.75,605.0,1174.5
2026-04-22,92.96,101.91,2.722,4753.0,77.893,6.12,454.25,599.25,1164.5
2026-04-23,95.85,105.07,2.614,4724.0,75.465,6.0755,455.5,610.75,1159.75
2026-04-24,94.4,105.33,2.523,4740.8999,76.383,6.0235,455.0,608.25,1163.75
2026-04-27,96.37,108.23,2.55,4693.7002,75.003,6.018,460.75,621.5,1177.25
2026-04-28,99.93,111.26,2.559,4608.3999,73.205,5.9145,465.25,649.0,1173.0
2026-04-29,106.88,118.03,2.647,4561.5,71.569,5.8785,466.5,642.25,1182.25
2026-04-30,105.07,114.01,2.767,4629.6001,73.534,5.926,464.75,623.75,1182.0
2026-05-01,101.94,108.17,2.78,4644.5,75.951,5.932,468.25,624.5,1187.75
2026-05-04,106.42,114.44,2.867,4533.2998,73.072,5.795,473.75,629.5,1207.5
2026-05-05,102.27,109.87,2.788,4568.5,73.108,5.943,465.5,616.5,1195.75
2026-05-06,95.08,101.27,2.73,4694.2998,76.811,6.1365,452.75,606.0,1179.0
2026-05-07,94.81,100.06,2.769,4710.8999,79.701,6.1275,452.75,601.75,1177.0
2026-05-08,95.42,101.29,2.757,4730.7002,80.395,6.249,456.25,607.5,1194.25
2026-05-11,98.07,104.21,2.91,4728.7002,85.485,6.4135,460.75,622.25,1199.75
2026-05-12,102.18,107.77,2.843,4686.7002,85.13,6.485,467.25,665.0,1213.5
2026-05-13,101.02,105.63,2.864,4706.7002,88.888,6.6355,466.5,665.0,1215.25
2026-05-14,101.17,105.72,2.894,4685.2998,84.912,6.5675,451.5,647.0,1174.5
2026-05-15,105.42,109.26,2.96,4561.8999,77.161,6.2515,455.75,635.75,1177.0
2026-05-18,108.66,112.1,3.024,4558.0,77.073,6.272,477.0,664.5,1213.0
2026-05-19,107.77,111.28,3.114,4511.2002,74.828,6.165,475.25,667.25,1209.5
2026-05-20,98.26,105.02,3.004,4535.2998,75.851,6.2905,465.75,660.5,1199.75
2026-05-21,96.35,102.58,3.018,4542.5,76.414,6.257,462.25,647.5,1194.25
2026-05-22,96.6,103.54,2.907,4523.2002,75.893,6.342,463.25,646.25,1196.5
2026-05-26,93.89,99.58,2.894,4502.2998,76.305,6.361,457.5,635.5,1186.0
2026-05-27,88.68,94.29,3.04,4448.3999,74.599,6.305,452.5,622.5,1185.25
2026-05-28,88.9,93.71,3.285,4499.2998,75.645,6.396,455.75,624.0,1194.5
2026-05-29,87.36,92.05,3.29,4593.0,75.616,6.3595,446.75,610.5,1186.75
2026-06-01,92.16,94.98,3.179,4506.2998,75.007,6.524,444.0,608.75,1180.75
2026-06-02,93.76,96.0,3.167,4519.8999,75.311,6.6495,440.5,603.0,1165.25
2026-06-03,96.02,97.81,3.214,4466.8999,73.476,6.481,431.5,587.25,1154.0
2026-06-04,93.04,95.03,3.336,4505.0,73.779,6.511,424.5,581.75,1129.5
2026-06-05,90.54,93.09,3.229,4365.2998,68.943,6.2635,417.5,580.0,1121.5
2026-06-08,91.3,94.25,3.147,4363.3999,68.425,6.3295,418.75,583.25,1115.75
2026-06-09,88.2,91.45,3.14,4286.3999,65.094,6.3025,419.5,585.25,1113.75
2026-06-10,90.03,93.1,3.185,4133.2998,64.599,6.249,419.0,587.5,1123.0
2026-06-11,87.71,90.38,3.087,4114.0,63.885,6.259,411.75,586.75,1115.0
2026-06-12,84.88,87.33,3.12,4238.7998,67.859,6.4305,412.75,584.5,1113.5
2026-06-15,80.75,83.17,3.147,4351.6001,70.066,6.4825,415.5,589.75,1119.25
2026-06-16,76.05,78.96,3.239,4354.3999,69.899,6.489,413.75,596.0,1130.0
2026-06-17,76.79,79.55,3.145,4381.3999,70.696,6.4815,421.0,612.75,1132.0
2026-06-18,76.6,79.85,3.233,4245.8999,66.255,6.3745,417.5,605.75,1122.75
2026-06-22,74.82,77.9,3.253,4202.7002,65.527,6.3565,411.5,597.5,1115.75
2026-06-23,73.21,77.08,3.147,4149.3999,62.02,6.141,409.75,586.75,1117.0
2026-06-24,70.34,73.74,3.221,4008.8,58.052,5.943,407.0,585.75,1108.75
2026-06-25,71.92,75.26,3.343,4047.6001,58.348,6.0705,414.75,591.0,1127.5
2026-06-26,69.23,71.99,3.231,4096.2998,59.217,6.1415,412.75,578.25,1126.25
2026-06-29,70.75,73.15,3.181,4038.8999,58.175,6.0975,402.0,569.5,1108.75
2026-06-30,69.5,72.92,3.275,4038.5,59.477,6.1925,412.75,580.75,1116.75
2026-07-01,68.58,71.57,3.22,4082.3999,60.085,6.1235,421.0,592.0,1126.25
2026-07-02,68.69,71.8,3.196,4125.7002,60.643,6.1145,425.0,590.5,1131.75
2026-07-06,68.55,71.99,3.245,4167.5,61.92,6.178,440.75,606.0,1182.25
2026-07-07,70.44,74.16,3.265,4157.3999,60.931,6.1715,442.5,609.25,1196.75
2026-07-08,73.52,78.02,3.212,4082.3999,58.164,6.0545,434.75,599.5,1195.0
2026-07-09,72.08,76.3,3.012,4140.7998,60.378,6.215,427.75,611.25,1179.75
2026-07-10,71.41,76.01,2.94,4113.7002,59.809,6.2335,438.0,632.0,1196.5
2026-07-13,78.14,83.3,2.897,4005.7,57.634,6.233,437.75,627.0,1202.0
2026-07-14,79.34,84.73,2.904,4069.7,58.772,6.33,433.75,631.25,1207.25
2026-07-15,79.6,84.95,2.924,4051.8,57.11,6.2935,447.5,677.5,1202.25
2026-07-16,78.95,84.23,2.858,3992.1001,55.898,6.296,441.5,674.75,1195.0
2026-07-17,82.49,88.1,2.911,4018.8,56.038,6.22,444.75,682.75,1204.5
2026-07-20,83.23,89.22,2.86,4015.8999,56.802,6.299,449.5,674.0,1226.0
2026-07-21,84.91,91.01,2.865,4076.3999,58.835,6.511,452.75,678.0,1219.5
2026-07-22,86.83,94.07,2.925,4151.8999,60.019,6.451,462.0,705.75,1233.0
2026-07-23,92.19,100.69,2.916,4050.2,57.798,6.305,464.0,696.25,1237.5
2026-07-24,89.31,96.78,2.871,4070.8,58.656,6.32,464.25,678.0,1248.0
2026-07-27,82.61,88.36,2.767,4077.0,58.472,6.339,451.75,660.0,1208.5
2026-07-28,79.26,84.09,2.662,4038.7,57.296,6.322,458.5,662.5,1212.0
2026-07-29,84.46,90.74,2.725,4036.3,57.863,6.2735,449.0,660.75,1178.0
2026-07-30,83.59,89.03,2.758,4100.1001,58.815,6.4445,445.75,663.5,1177.25
2026-07-31,84.67,90.12,2.747,4107.0,57.591,6.436,440.75,639.25,1172.0
2026-08-03,80.34,83.77,2.781,4090.5,57.667,6.514,449.25,651.0,1168.75
2026-08-04,75.77,79.36,2.682,4152.6001,60.056,6.6185,442.25,638.5,1155.0
2026-08-05,75.22,79.45,2.688,4305.2002,62.099,6.703,436.75,642.25,1151.5
2026-08-06,77.29,82.49,2.64,4299.6001,61.439,6.687,439.0,631.25,1157.25
2026-08-07,78.18,83.55,2.662,4399.7002,63.332,6.5705,439.0,639.75,1156.5
2026-08-10,82.13,87.72,2.794,4419.7002,65.106,6.5945,438.25,640.5,1157.75
2026-08-11,83.2,88.91,2.767,4441.1001,64.769,6.612,436.75,630.25,1147.5
2026-08-12,83.27,88.98,2.804,4467.5,65.555,6.597,457.0,652.75,1164.75
2026-08-13,81.25,87.07,2.727,4420.3999,64.873,6.5925,448.0,652.75,1168.25
2026-08-14,82.4,88.52,2.733,4437.2998,64.988,6.5995,459.0,674.75,1173.75
2026-08-17,84.5,90.87,2.69,4473.7002,66.121,6.604,465.0,674.75,1201.0
2026-08-18,84.94,91.02,2.776,4420.6001,63.941,6.4825,463.25,664.5,1200.75
2026-08-19,85.83,91.62,2.814,4545.2998,65.734,6.4875,473.0,680.25,1222.25
2026-08-20,87.83,93.78,2.733,4571.3999,68.026,6.46,478.75,682.75,1220.75
2026-08-21,87.06,94.39,2.773,4680.6001,69.466,6.5795,483.75,681.5,1225.0
2026-08-24,85.01,92.17,2.782,4697.7998,68.541,6.599,491.5,681.75,1216.0
2026-08-25,82.36,88.58,2.77,4694.5,68.636,6.7095,500.5,685.5,1228.0
2026-08-26,82.23,87.84,2.842,4653.2998,67.99,6.5945,514.0,730.5,1254.25
2026-08-27,83.53,89.7,2.907,4664.0,69.429,6.587,510.25,742.75,1256.5
2026-08-28,83.4,89.31,2.888,4529.8999,66.995,6.562,512.0,767.0,1276.25
2026-08-31,85.76,90.49,2.935,4481.5,66.221,6.5935,515.0,756.5,1275.25
2026-09-01,90.22,94.65,2.904,4396.3999,64.618,6.5065,521.5,764.0,1306.75
2026-09-02,91.01,95.63,2.956,4414.6001,64.723,6.501,518.75,754.75,1301.75
2026-09-03,91.3,95.52,2.913,4539.8999,66.973,6.577,515.25,736.0,1306.25
2026-09-04,91.48,96.28,2.975,4476.6001,66.047,6.597,512.0,716.0,1293.75
2026-09-08,93.03,97.92,2.916,4439.0,66.297,6.739,511.0,730.25,1302.5
2026-09-09,96.05,101.21,2.822,4460.7002,67.942,6.8035,507.75,711.25,1295.25
2026-09-10,102.48,107.63,2.834,4407.2998,64.284,6.467,514.0,723.25,1316.0
2026-09-11,100.05,104.61,2.831,4408.8999,64.554,6.4695,510.25,707.0,1280.25
2026-09-14,101.39,105.68,2.896,4351.8999,63.513,6.33,512.0,707.0,1285.25
2026-09-15,105.83,108.75,2.919,4332.7998,63.236,6.3685,535.75,728.5,1318.75
2026-09-16,102.43,105.83,2.891,4387.5,64.288,6.4315,534.25,730.75,1320.5
2026-09-17,101.91,104.82,2.901,4399.7002,65.47,6.5865,530.5,727.0,1319.75
2026-09-18,100.3,103.87,2.912,4424.8999,66.556,6.615,527.5,714.25,1303.5
2026-09-21,95.78,100.34,2.836,4383.8999,65.825,6.6865,543.0,726.75,1328.0
2026-09-22,94.59,99.25,2.965,4376.3999,65.932,6.7595,536.75,717.25,1325.5
2026-09-23,92.16,103.08,3.023,4318.3999,64.382,6.678,529.0,708.5,1318.0
2026-09-24,94.61,106.6,3.297,4298.0,63.457,6.7185,527.5,707.0,1317.5
2026-09-25,92.41,104.32,3.196,4321.2002,64.245,6.6955,528.25,703.25,1319.0
2026-09-28,92.6,105.28,3.0,4168.3999,61.22,6.566,523.0,688.75,1288.25
2026-09-29,89.38,102.59,3.011,4179.7002,60.668,6.5435,522.0,692.75,1297.75
